Data Source,World Development Indicators,,,,,,,,,,,,,,,,,,,,,,,,,,,,,,,,,,,,,,,,,,,,,,,,,,,,,,,,,,,,,,,
,,,,,,,,,,,,,,,,,,,,,,,,,,,,,,,,,,,,,,,,,,,,,,,,,,,,,,,,,,,,,,,,
Last Updated Date,2020-12-16,,,,,,,,,,,,,,,,,,,,,,,,,,,,,,,,,,,,,,,,,,,,,,,,,,,,,,,,,,,,,,,
,,,,,,,,,,,,,,,,,,,,,,,,,,,,,,,,,,,,,,,,,,,,,,,,,,,,,,,,,,,,,,,,
Country Name,Country Code,Indicator Name,Indicator Code,1960,1961,1962,1963,1964,1965,1966,1967,1968,1969,1970,1971,1972,1973,1974,1975,1976,1977,1978,1979,1980,1981,1982,1983,1984,1985,1986,1987,1988,1989,1990,1991,1992,1993,1994,1995,1996,1997,1998,1999,2000,2001,2002,2003,2004,2005,2006,2007,2008,2009,2010,2011,2012,2013,2014,2015,2016,2017,2018,2019,2020
Aruba,ABW,Market capitalization of listed domestic companies (% of GDP),CM.MKT.LCAP.GD.ZS,,,,,,,,,,,,,,,,,,,,,,,,,,,,,,,,,,,,,,,,,,,,,,,,,,,,,,,,,,,,,
Afghanistan,AFG,Market capitalization of listed domestic companies (% of GDP),CM.MKT.LCAP.GD.ZS,,,,,,,,,,,,,,,,,,,,,,,,,,,,,,,,,,,,,,,,,,,,,,,,,,,,,,,,,,,,,
Angola,AGO,Market capitalization of listed domestic companies (% of GDP),CM.MKT.LCAP.GD.ZS,,,,,,,,,,,,,,,,,,,,,,,,,,,,,,,,,,,,,,,,,,,,,,,,,,,,,,,,,,,,,
Albania,ALB,Market capitalization of listed domestic companies (% of GDP),CM.MKT.LCAP.GD.ZS,,,,,,,,,,,,,,,,,,,,,,,,,,,,,,,,,,,,,,,,,,,,,,,,,,,,,,,,,,,,,
Andorra,AND,Market capitalization of listed domestic companies (% of GDP),CM.MKT.LCAP.GD.ZS,,,,,,,,,,,,,,,,,,,,,,,,,,,,,,,,,,,,,,,,,,,,,,,,,,,,,,,,,,,,,
Arab World,ARB,Market capitalization of listed domestic companies (% of GDP),CM.MKT.LCAP.GD.ZS,,,,,,,,,,,,,,,,,,,,,,,,,,,,,,,,,,,,,,,,,,,,,,,,,,53.98042171,49.78773833,35.55796235,34.86222047,46.99408379,49.01509726,48.06579661,50.13945866,50.80387575,48.93456777,145.6648044,
United Arab Emirates,ARE,Market capitalization of listed domestic companies (% of GDP),CM.MKT.LCAP.GD.ZS,,,,,,,,,,,,,,,,,,,,,,,,,,,,,,,,,,,,,,,,,,,,,,,,48.93258453,34.02944156,54.52392038,45.37491554,26.72818056,27.05030997,49.8623282,50.86573641,54.40527181,60.01885445,60.32907482,54.91064692,58.69967517,
Argentina,ARG,Market capitalization of listed domestic companies (% of GDP),CM.MKT.LCAP.GD.ZS,,,,,,,,,,,,,,,,,,1.466159452,3.09110069,6.237855196,5.138774874,1.774639091,1.153990039,1.333238997,1.480174949,2.302540941,1.434117268,1.276373515,2.022505643,4.172755007,2.557650808,9.824847958,8.139871742,18.60901869,14.32069608,14.64307396,16.42196989,20.23221072,15.16409613,19.6977247,16.12904122,12.42441526,16.95693922,27.42805088,24.65345574,23.94635989,22.03333915,19.8483842,11.02184322,13.73818636,15.08632035,8.220069461,6.273966253,9.619994839,11.42690327,9.438368633,11.40762993,16.89484261,8.884018147,8.843633738,
Armenia,ARM,Market capitalization of listed domestic companies (% of GDP),CM.MKT.LCAP.GD.ZS,,,,,,,,,,,,,,,,,,,,,,,,,,,,,,,,,,,,,,,,,,,,,,,,,,,,,,,,,,,,,
American Samoa,ASM,Market capitalization of listed domestic companies (% of GDP),CM.MKT.LCAP.GD.ZS,,,,,,,,,,,,,,,,,,,,,,,,,,,,,,,,,,,,,,,,,,,,,,,,,,,,,,,,,,,,,
Antigua and Barbuda,ATG,Market capitalization of listed domestic companies (% of GDP),CM.MKT.LCAP.GD.ZS,,,,,,,,,,,,,,,,,,,,,,,,,,,,,,,,,,,,,,,,,,,,,,,,,,,,,,,,,,,,,
Australia,AUS,Market capitalization of listed domestic companies (% of GDP),CM.MKT.LCAP.GD.ZS,,,,,,,,,,,,,,,,,,,,28.9099422,39.83848697,30.78518262,21.43042324,30.52360215,25.84299843,32.95694544,65.53612927,81.64064016,58.40822971,46.89831602,34.73054846,44.51752769,41.60041519,65.62773638,67.92546207,66.77761493,78.06025427,68.05967418,82.45906,110.0942636,89.78179886,99.14230924,96.31016044,125.5186873,126.7616217,115.9512293,146.8871764,152.1879735,64.88372527,136.0101628,126.9035648,85.7901042,89.69843546,86.66232656,87.81755705,87.82190818,104.9341656,113.4875022,88.13014608,106.5182325,
Austria,AUT,Market capitalization of listed domestic companies (% of GDP),CM.MKT.LCAP.GD.ZS,,,,,,,,,,,,,,,,3.245221523,3.491715154,2.890519089,28.12055558,2.813573238,2.383665501,2.22939002,2.118097382,2.118869191,2.185309205,6.63175373,6.721150808,6.393476344,7.522397896,18.22801786,15.81113457,13.94287213,10.1239951,13.78200361,14.15959694,12.70227269,13.4518324,17.30344458,1.191322798,15.20493141,15.21100286,12.77218044,15.73647047,21.59853333,29.17083368,39.95623144,57.37236242,60.83189965,17.72942431,28.50673837,32.15980931,19.77859034,25.89893616,27.36107195,21.89845636,25.16368774,30.58299278,36.10554102,25.66541831,29.90464593,
Azerbaijan,AZE,Market capitalization of listed domestic companies (% of GDP),CM.MKT.LCAP.GD.ZS,,,,,,,,,,,,,,,,,,,,,,,,,,,,,,,,,,,,,,,0.068370373,0.070286544,,,,,,,,,,,,,,,,,,,,,
Burundi,BDI,Market capitalization of listed domestic companies (% of GDP),CM.MKT.LCAP.GD.ZS,,,,,,,,,,,,,,,,,,,,,,,,,,,,,,,,,,,,,,,,,,,,,,,,,,,,,,,,,,,,,
Belgium,BEL,Market capitalization of listed domestic companies (% of GDP),CM.MKT.LCAP.GD.ZS,,,,,,,,,,,,,,,,13.70333154,13.21830507,12.42315517,12.35317444,11.80787178,7.910702702,7.991195,9.300270223,12.36348464,14.80756997,24.1935203,31.10914621,27.87794513,36.22081002,45.59467683,31.87480292,33.78141769,27.3040501,34.69878378,34.35296937,35.2129443,42.55063043,54.18674998,94.39498987,71.3265245,77.25529979,70.11164719,49.60244249,54.68261449,74.14382269,74.81918978,97.11948338,81.97598501,32.455494,53.96712928,55.87387037,43.87693792,60.36446033,71.75899896,70.79508346,89.70175649,79.48556147,87.08876143,59.05338389,,
Benin,BEN,Market capitalization of listed domestic companies (% of GDP),CM.MKT.LCAP.GD.ZS,,,,,,,,,,,,,,,,,,,,,,,,,,,,,,,,,,,,,,,,,,,,,,,,,,,,,,,,,,,,,
Burkina Faso,BFA,Market capitalization of listed domestic companies (% of GDP),CM.MKT.LCAP.GD.ZS,,,,,,,,,,,,,,,,,,,,,,,,,,,,,,,,,,,,,,,,,,,,,,,,,,,,,,,,,,,,,
Bangladesh,BGD,Market capitalization of listed domestic companies (% of GDP),CM.MKT.LCAP.GD.ZS,,,,,,,,,,,,,,,,,,,,,,,,,,,,,,,,,,1.399302695,3.020255981,5.077049961,15.89524323,5.742252402,4.060333874,3.045782412,4.107529953,1.811958934,27.21299215,,,4.751541126,5.361123816,10.96916578,12.79156007,20.42289329,36.10097419,37.08045269,,,,,31.80424305,34.51139135,28.24067884,,
Bulgaria,BGR,Market capitalization of listed domestic companies (% of GDP),CM.MKT.LCAP.GD.ZS,,,,,,,,,,,,,,,,,,,,,,,,,,,,,,,,,,0.11080629,0.498070776,0.306269137,0.045549855,,0.96016849,0.75209194,0.974570582,0.57954674,4.399480321,8.300408443,10.71932596,17.0262538,30.03207503,48.79542954,16.31261683,16.63319313,14.64091451,14.38193778,,,,,,,,,
Bahrain,BHR,Market capitalization of listed domestic companies (% of GDP),CM.MKT.LCAP.GD.ZS,,,,,,,,,,,,,,,,,,,,,,,,,,,,,,,,,,,,,77.21397887,123.3729769,109.4675704,108.1230748,73.09305827,73.5222293,78.01169507,86.92507294,102.9709938,108.7426938,114.1457078,124.6587667,77.58323006,70.89752979,78.01313876,57.65084288,,,66.09476413,61.99895092,60.16508412,61.18936883,58.06440475,69.69002906,
"Bahamas, The",BHS,Market capitalization of listed domestic companies (% of GDP),CM.MKT.LCAP.GD.ZS,,,,,,,,,,,,,,,,,,,,,,,,,,,,,,,,,,,,,,,,,,,,,,,,,,,,,,,,,,,,,
Bosnia and Herzegovina,BIH,Market capitalization of listed domestic companies (% of GDP),CM.MKT.LCAP.GD.ZS,,,,,,,,,,,,,,,,,,,,,,,,,,,,,,,,,,,,,,,,,,,,,,,,,,,,,,,,,,,,,
Belarus,BLR,Market capitalization of listed domestic companies (% of GDP),CM.MKT.LCAP.GD.ZS,,,,,,,,,,,,,,,,,,,,,,,,,,,,,,,,,,,,,,,,,,,,,,,,,,,,,,,,,,,,0,
Belize,BLZ,Market capitalization of listed domestic companies (% of GDP),CM.MKT.LCAP.GD.ZS,,,,,,,,,,,,,,,,,,,,,,,,,,,,,,,,,,,,,,,,,,,,,,,,,,,,,,,,,,,,,
Bermuda,BMU,Market capitalization of listed domestic companies (% of GDP),CM.MKT.LCAP.GD.ZS,,,,,,,,,,,,,,,,,,,,,,,,,,,,,,,,,,,,,,,,,61.66278616,69.50174746,54.68314256,69.28658016,41.23885127,43.6466853,44.00276693,40.35924339,27.39727794,20.43554688,23.13578996,19.52162715,23.31226361,22.68876215,24.96855311,27.80056506,36.54581416,40.25024936,33.126952,39.62126173,
Bolivia,BOL,Market capitalization of listed domestic companies (% of GDP),CM.MKT.LCAP.GD.ZS,,,,,,,,,,,,,,,,,,,,,,,,,,,,,,,,,,,,,,,,,,,,,,,,,,,,,,,,,,,,,
Brazil,BRA,Market capitalization of listed domestic companies (% of GDP),CM.MKT.LCAP.GD.ZS,,,,,,,,,,,,,,,,,,,,,,,,,,,,,,,,,,,,,,,,,34.50491094,33.29403654,24.95489983,42.01176266,49.35579864,53.23360426,64.1225727,98.04069955,34.90723993,80.21786503,69.97082255,46.97407574,49.79119987,41.26708486,34.36060222,27.2184107,42.24307215,46.28178841,48.62545122,64.53901348,
Barbados,BRB,Market capitalization of listed domestic companies (% of GDP),CM.MKT.LCAP.GD.ZS,,,,,,,,,,,,,,,,,,,,,,,,,,,,,,,,,,15.84322819,23.94316224,22.17527037,32.39656841,45.42936318,62.24487181,68.97502149,55.77806831,60.15059748,,,,,,,,,48.26821192,98.06806227,,,,,64.10973085,67.3141824,69.627052,65.23325014,
Brunei Darussalam,BRN,Market capitalization of listed domestic companies (% of GDP),CM.MKT.LCAP.GD.ZS,,,,,,,,,,,,,,,,,,,,,,,,,,,,,,,,,,,,,,,,,,,,,,,,,,,,,,,,,,,,,
Bhutan,BTN,Market capitalization of listed domestic companies (% of GDP),CM.MKT.LCAP.GD.ZS,,,,,,,,,,,,,,,,,,,,,,,,,,,,,,,,,,,,,,,,,,,,,,,,,,,,,,,,,,,,,
Botswana,BWA,Market capitalization of listed domestic companies (% of GDP),CM.MKT.LCAP.GD.ZS,,,,,,,,,,,,,,,,,,,,,,,,,,,,,,,,,,5.495078373,6.228677698,8.404411066,6.773860191,12.21441773,15.11253983,19.18181296,16.88932846,,,,,,,,,,,,,,,,,,,,
Central African Republic,CAF,Market capitalization of listed domestic companies (% of GDP),CM.MKT.LCAP.GD.ZS,,,,,,,,,,,,,,,,,,,,,,,,,,,,,,,,,,,,,,,,,,,,,,,,,,,,,,,,,,,,,
Canada,CAN,Market capitalization of listed domestic companies (% of GDP),CM.MKT.LCAP.GD.ZS,,,,,,,,,,,,,,,,,,82.19842019,82.18820529,98.30180734,104.3282336,,66.05696642,75.65289417,69.40107062,80.29470083,89.25856561,94.03781964,88.06594621,96.16690327,77.2277822,83.33765565,77.30577598,103.178539,99.5809125,111.2098728,139.9733778,154.7901783,171.2416888,214.2157022,103.8456481,83.55280094,117.2474311,102.0000614,115.0822572,126.7519943,129.2905915,149.2548938,66.72461338,122.3373113,134.5672585,106.9451379,112.647542,114.4333054,116.1842027,102.3950304,130.4453844,143.4687802,112.9141127,,
Central Europe and the Baltics,CEB,Market capitalization of listed domestic companies (% of GDP),CM.MKT.LCAP.GD.ZS,,,,,,,,,,,,,,,,,,,,,,,,,,,,,,,,,,,,5.894078484,9.195649083,10.35128987,10.1006873,12.83839611,13.44024397,10.95027523,13.98017276,14.98447953,22.82647809,24.81534087,34.35905064,41.36021819,15.35083745,24.69119632,27.18877158,19.00522672,,,,,,,,21.43471457,
Switzerland,CHE,Market capitalization of listed domestic companies (% of GDP),CM.MKT.LCAP.GD.ZS,,,,,,,,,,,,,,,,25.90773107,31.43158135,42.04322856,38.31343786,39.02671705,35.9058382,35.18282345,34.68363015,39.60062517,37.707358,78.04399581,83.276925,67.04328407,67.05360051,84.58875505,61.0829177,72.64170228,71.42304584,102.4687526,97.37916778,116.1944713,121.2646952,200.8031224,233.591071,233.943703,291.2332045,189.2665877,203.2624325,206.0278394,210.3435942,229.6848817,281.3819142,265.6016006,158.8009402,196.6156527,210.5845127,155.7391482,184.6344931,223.7749442,210.8503909,223.4850386,209.047577,248.032337,204.3791591,260.9158142,
Channel Islands,CHI,Market capitalization of listed domestic companies (% of GDP),CM.MKT.LCAP.GD.ZS,,,,,,,,,,,,,,,,,,,,,,,,,,,,,,,,,,,,,,,2.67673454,3.949708499,3.961051974,7.285525866,3.989393792,3.100687486,2.154637414,6.087270855,15.29261628,,,,,,,,,,,,,,
Chile,CHL,Market capitalization of listed domestic companies (% of GDP),CM.MKT.LCAP.GD.ZS,,,,,,,,,,,,,,,,,,,,,,,,,,,,,,,,74.37175474,70.17790037,90.94406736,119.3689348,99.29290118,84.53570172,84.80774309,63.57906824,90.75971282,77.57519507,79.33189676,71.45006916,114.386505,117.8548604,111.0019588,112.6823475,122.6399255,73.37400542,133.843646,156.4028141,107.1504244,117.2965516,95.24604545,89.52330191,78.03899386,84.84254835,106.3638733,84.0680028,72.18510144,
China,CHN,Market capitalization of listed domestic companies (% of GDP),CM.MKT.LCAP.GD.ZS,,,,,,,,,,,,,,,,,,,,,,,,,,,,,,,,,,,,,,,,,,,,30.89697574,22.8972279,17.57910087,41.62064045,126.1530748,38.71713465,70.0384246,66.169408,45.18450949,43.33422852,41.26411557,57.32273223,74.02232996,65.17010737,70.76342433,45.51970357,59.37085663,
Cote d'Ivoire,CIV,Market capitalization of listed domestic companies (% of GDP),CM.MKT.LCAP.GD.ZS,,,,,,,,,,,,,,,,,,,,,,,,,,,,,,,,,,,,,,,,,,,,,,,,,,,,,,,,,,,,,
Cameroon,CMR,Market capitalization of listed domestic companies (% of GDP),CM.MKT.LCAP.GD.ZS,,,,,,,,,,,,,,,,,,,,,,,,,,,,,,,,,,,,,,,,,,,,,,,,,,,,,,,,,,,,,
"Congo, Dem. Rep.",COD,Market capitalization of listed domestic companies (% of GDP),CM.MKT.LCAP.GD.ZS,,,,,,,,,,,,,,,,,,,,,,,,,,,,,,,,,,,,,,,,,,,,,,,,,,,,,,,,,,,,,
"Congo, Rep.",COG,Market capitalization of listed domestic companies (% of GDP),CM.MKT.LCAP.GD.ZS,,,,,,,,,,,,,,,,,,,,,,,,,,,,,,,,,,,,,,,,,,,,,,,,,,,,,,,,,,,,,
Colombia,COL,Market capitalization of listed domestic companies (% of GDP),CM.MKT.LCAP.GD.ZS,,,,,,,,,,,,,,,,,,,,,,,,,,,,,,,,,,,,,,,,,,,,,,34.68005106,34.77590235,49.44953276,36.21838405,60.46524469,72.75945026,60.09828717,70.66222552,53.04493476,38.50459548,29.28817568,36.70772208,38.94952447,31.13251051,40.8015328,
Comoros,COM,Market capitalization of listed domestic companies (% of GDP),CM.MKT.LCAP.GD.ZS,,,,,,,,,,,,,,,,,,,,,,,,,,,,,,,,,,,,,,,,,,,,,,,,,,,,,,,,,,,,,
Cabo Verde,CPV,Market capitalization of listed domestic companies (% of GDP),CM.MKT.LCAP.GD.ZS,,,,,,,,,,,,,,,,,,,,,,,,,,,,,,,,,,,,,,,,,,,,,,,,,,,,,,,,,,,,,
Costa Rica,CRI,Market capitalization of listed domestic companies (% of GDP),CM.MKT.LCAP.GD.ZS,,,,,,,,,,,,,,,,,,,,,,,,,,,,,,,,,,3.743198654,,5.357723178,6.736019031,6.552623611,9.607483742,16.2609978,,,,3.026806833,8.410080093,7.570785211,8.31674176,8.158174687,6.223939306,4.804864369,3.877042487,3.545490649,,,,,5.111446144,5.148263241,,3.587864573,
Caribbean small states,CSS,Market capitalization of listed domestic companies (% of GDP),CM.MKT.LCAP.GD.ZS,,,,,,,,,,,,,,,,,,,,,,,,,,,,,,,,,,,,,,,,,,,,,,,,,,,,,,,,,,,,,
Cuba,CUB,Market capitalization of listed domestic companies (% of GDP),CM.MKT.LCAP.GD.ZS,,,,,,,,,,,,,,,,,,,,,,,,,,,,,,,,,,,,,,,,,,,,,,,,,,,,,,,,,,,,,
Curacao,CUW,Market capitalization of listed domestic companies (% of GDP),CM.MKT.LCAP.GD.ZS,,,,,,,,,,,,,,,,,,,,,,,,,,,,,,,,,,,,,,,,,,,,,,,,,,,,,,,,,,,,,
Cayman Islands,CYM,Market capitalization of listed domestic companies (% of GDP),CM.MKT.LCAP.GD.ZS,,,,,,,,,,,,,,,,,,,,,,,,,,,,,,,,,,,,,,,,,,,,,,,3.761511148,3.694218292,3.466987466,3.946874817,5.725295305,54.36641884,46.75450187,,,6.703641144,,,,,
Cyprus,CYP,Market capitalization of listed domestic companies (% of GDP),CM.MKT.LCAP.GD.ZS,,,,,,,,,,,,,,,,,,,,,,,,,,,,,,,,,,,,,,,,,,,,,,,80.49714533,71.97409086,28.68743527,39.57878181,26.55909014,10.35106636,7.989866995,8.80608015,17.40737621,13.56892017,11.98530027,12.41748396,13.09171793,17.17456048,
Czech Republic,CZE,Market capitalization of listed domestic companies (% of GDP),CM.MKT.LCAP.GD.ZS,,,,,,,,,,,,,,,,,,,,,,,,,,,,,,,,,,4.259697811,12.71488836,15.27198932,21.14344496,17.39640121,15.61321854,16.2381795,15.76330102,12.0193724,12.47794281,15.49371321,22.4441739,25.43789337,28.39560157,36.23504719,17.2759721,,,,,,,,,,,,
Germany,DEU,Market capitalization of listed domestic companies (% of GDP),CM.MKT.LCAP.GD.ZS,,,,,,,,,,,,,,,,10.47625038,10.27404184,10.84118585,11.30250542,9.008949287,7.546707359,7.818309156,8.879110481,10.75271904,10.80774621,24.33793027,24.62842926,16.82849338,17.90330371,26.10321373,20.05511963,19.82991264,15.42017566,21.32434495,22.63832924,22.32869692,26.62067257,37.30726136,48.87257832,65.2704531,65.37046483,55.12806235,33.1627931,43.22798956,42.52178202,42.24243143,54.7293486,61.5333771,29.77403066,38.03516137,42.09570081,31.63383823,42.1369283,51.86818456,44.76248199,51.12276494,49.48932931,61.42999638,44.28041701,54.34102013,
Djibouti,DJI,Market capitalization of listed domestic companies (% of GDP),CM.MKT.LCAP.GD.ZS,,,,,,,,,,,,,,,,,,,,,,,,,,,,,,,,,,,,,,,,,,,,,,,,,,,,,,,,,,,,,
Dominica,DMA,Market capitalization of listed domestic companies (% of GDP),CM.MKT.LCAP.GD.ZS,,,,,,,,,,,,,,,,,,,,,,,,,,,,,,,,,,,,,,,,,,,,,,,,,,,,,,,,,,,,,
Denmark,DNK,Market capitalization of listed domestic companies (% of GDP),CM.MKT.LCAP.GD.ZS,,,,,,,,,,,,,,,,10.1298336,10.76824206,9.601393013,8.506064637,7.375312159,7.793171085,9.975400882,9.17904136,17.40792797,12.8382871,24.09300182,19.71163079,18.59017236,23.26546752,35.78351422,28.2555276,32.17281387,21.24615698,27.88729714,30.09900847,30.38910744,37.88216764,54.03600982,55.86439857,54.75935541,68.11616647,51.6686417,42.96459241,55.77403589,60.20927793,,,,,,,,,,,,,,,,
Dominican Republic,DOM,Market capitalization of listed domestic companies (% of GDP),CM.MKT.LCAP.GD.ZS,,,,,,,,,,,,,,,,,,,,,,,,,,,,,,,,,,,,,,,,,,,,,,,,,,,,,,,,,,,,,
Algeria,DZA,Market capitalization of listed domestic companies (% of GDP),CM.MKT.LCAP.GD.ZS,,,,,,,,,,,,,,,,,,,,,,,,,,,,,,,,,,,,,,,,0.568740011,0.520705949,0.345522657,0.242866494,0.210236507,0.163014597,0.13733584,0.080576853,0.071684459,0.053397744,0.065637011,0.065410479,0.098274117,0.079808,0.084317281,0.078690962,0.086570351,0.258870621,0.207532568,0.211748365,,
East Asia & Pacific (excluding high income),EAP,Market capitalization of listed domestic companies (% of GDP),CM.MKT.LCAP.GD.ZS,,,,,,,,,,,,,,,,,,,,,,,,,,,,,,,,,,,,,,,,,,,,38.8594864,32.59834475,27.63100592,47.72074016,115.728211,37.93993109,68.41296661,67.89120403,49.15227288,49.60343331,46.33773598,60.58290838,72.92041773,66.04282963,72.69314901,49.41469302,61.36225719,
Early-demographic dividend,EAR,Market capitalization of listed domestic companies (% of GDP),CM.MKT.LCAP.GD.ZS,,,,,,,,,,,,,,,,,,,,,,,,,,,,,,,,,,,,,38.22352942,34.55110704,25.03154057,38.76627424,27.27017492,22.14741829,23.14673509,35.06589019,44.56565546,50.2219771,60.46798201,81.25053071,35.0747403,63.52607557,65.50155242,45.46501232,53.08022161,53.55189853,56.03610379,51.79159857,53.86590516,65.24613838,55.49342344,82.9163084,
East Asia & Pacific,EAS,Market capitalization of listed domestic companies (% of GDP),CM.MKT.LCAP.GD.ZS,,,,,,,,,,,,,,,,,,,4.567061598,28.66064395,37.18021923,36.75814244,34.45990418,41.73960183,44.55312298,61.05796035,81.11149763,100.1888647,113.165277,123.9219978,82.28345068,76.78771296,57.52666632,74.43393282,77.57237528,68.25370585,70.24288302,51.94343551,65.87228639,103.1801388,70.56718726,63.62747807,60.49744421,70.97193888,75.40733576,86.25931166,102.4982272,132.7811771,60.72920496,92.32981287,94.74524347,70.65878581,75.52895739,82.42707758,89.72378754,99.76903581,94.49518179,110.9370542,83.34859212,97.49554125,
Europe & Central Asia (excluding high income),ECA,Market capitalization of listed domestic companies (% of GDP),CM.MKT.LCAP.GD.ZS,,,,,,,,,,,,,,,,,,,,,,,,,,,,,,,,,,,,,,,,,,,,,,,,,,49.96144874,49.63854112,31.10000514,35.37987946,28.46735808,19.52616024,25.57813109,36.51793152,33.24600835,27.80069244,,
Europe & Central Asia,ECS,Market capitalization of listed domestic companies (% of GDP),CM.MKT.LCAP.GD.ZS,,,,,,,,,,,,,,,,16.07538646,14.05018697,16.10315434,16.45192193,10.12463991,8.77739747,13.97843961,14.53397766,18.30802704,21.60946805,32.32991359,35.26701286,33.7872651,35.12786952,44.71596744,34.48376094,38.18392206,32.4136207,43.05155987,43.48337834,43.45762001,52.79991379,68.77345817,80.45902226,97.46878412,98.54800458,78.16683614,60.47206495,68.21838624,69.86524023,72.02973957,89.19221554,88.97604776,41.4731193,60.44675015,61.37051896,45.75482728,55.51222288,63.02336848,55.96291963,,64.68808456,75.02559978,,,
Ecuador,ECU,Market capitalization of listed domestic companies (% of GDP),CM.MKT.LCAP.GD.ZS,,,,,,,,,,,,,,,,,,,,,,,,,,,,,,,,,,,,10.50060219,7.968241771,7.177388659,5.560738083,2.657127797,4.075783407,,,,,,,,,,,,,,,,,,,,
"Egypt, Arab Rep.",EGY,Market capitalization of listed domestic companies (% of GDP),CM.MKT.LCAP.GD.ZS,,,,,,,,,,,,,,,,,,,,,,,,,,,,,,,,,,,,,,,,,,,,,,,87.0332362,106.7740791,52.80618481,48.22034575,38.48544118,20.69991851,21.20330925,21.36697713,22.93347608,16.7569735,10.02371513,19.74520438,16.82153116,14.58296913,
Euro area,EMU,Market capitalization of listed domestic companies (% of GDP),CM.MKT.LCAP.GD.ZS,,,,,,,,,,,,,,,,12.70136841,11.04761821,9.885530571,11.65921671,9.454014468,7.986391684,7.558449789,7.624741484,9.680625608,10.47423712,19.99208062,23.23242034,19.36115659,22.32352039,31.56075779,22.94263128,25.24068787,20.42008686,27.73016631,29.42277041,29.27536368,35.5208861,47.56110348,64.2642674,79.78363099,84.22438712,66.54867178,49.06503289,56.47141492,58.97755277,59.7539955,76.89683365,80.41024154,36.40259686,58.06672788,58.08618919,45.32881391,55.4171989,66.43674706,59.12027983,64.98876141,63.85260641,77.4831404,54.5953143,,
Eritrea,ERI,Market capitalization of listed domestic companies (% of GDP),CM.MKT.LCAP.GD.ZS,,,,,,,,,,,,,,,,,,,,,,,,,,,,,,,,,,,,,,,,,,,,,,,,,,,,,,,,,,,,,
Spain,ESP,Market capitalization of listed domestic companies (% of GDP),CM.MKT.LCAP.GD.ZS,,,,,,,,,,,,,,,,28.92554831,20.25193666,,11.17116744,8.102992319,7.116473813,8.223491638,5.698124965,6.352965591,7.688580031,10.79086024,19.4675516,22.30297111,24.16628055,29.57202245,20.77107362,25.61115092,18.42148505,22.60013641,29.21128062,31.00679027,37.5089136,49.21100056,64.94719078,67.89108456,84.4761604,74.63941364,65.43281816,80.20427462,88.15281836,83.23266494,105.0479801,122.2604393,58.35206706,96.56410928,82.46686909,69.71913015,75.11121371,82.41778215,72.50726214,65.86725775,57.18407929,67.71893184,50.88696804,57.21501696,
Estonia,EST,Market capitalization of listed domestic companies (% of GDP),CM.MKT.LCAP.GD.ZS,,,,,,,,,,,,,,,,,,,,,,,,,,,,,,,,,,,,,,,,,,,,,,,,,,,,,,,,,,,,,
Ethiopia,ETH,Market capitalization of listed domestic companies (% of GDP),CM.MKT.LCAP.GD.ZS,,,,,,,,,,,,,,,,,,,,,,,,,,,,,,,,,,,,,,,,,,,,,,,,,,,,,,,,,,,,,
European Union,EUU,Market capitalization of listed domestic companies (% of GDP),CM.MKT.LCAP.GD.ZS,,,,,,,,,,,,,,,,11.98007211,10.50821215,9.755189495,11.45840907,9.347697897,8.042448223,7.965717275,8.129577675,10.88117786,11.28793795,20.83176479,24.12079255,20.33254674,23.74003624,32.97072104,23.74420622,25.97983235,20.79811657,28.27788709,30.16954176,29.86007416,36.60247618,48.50782679,62.96637375,78.57779492,82.3358704,64.70301728,47.63198459,55.33672386,57.03414009,57.5583635,74.05051235,77.56485507,34.66580294,55.66359071,55.82055797,43.32324506,54.0382316,64.42668679,57.09640739,62.50500778,61.57182375,74.69578721,52.48557448,,
Fragile and conflict affected situations,FCS,Market capitalization of listed domestic companies (% of GDP),CM.MKT.LCAP.GD.ZS,,,,,,,,,,,,,,,,,,,,,,,,,,,,,,,,,,,,,,,,,,,,,,,,,,,,,,,,,,,,,
Finland,FIN,Market capitalization of listed domestic companies (% of GDP),CM.MKT.LCAP.GD.ZS,,,,,,,,,,,,,,,,,,,,,,,5.226375675,8.109562456,,10.47833473,15.90056229,21.81904488,28.01162911,25.87080782,16.06445545,11.11291492,10.62252945,26.36870867,37.00921691,32.89186296,46.43660294,58.1538401,115.51328,258.3920407,233.5870024,147.1599178,99.35158288,99.42664687,93.2265694,,,,,,,,,,,,,,,,
Fiji,FJI,Market capitalization of listed domestic companies (% of GDP),CM.MKT.LCAP.GD.ZS,,,,,,,,,,,,,,,,,,,,,,,,,,,,,,,,,,,,,,,,,,,,,,,,,,,,,,,,,,,,,
France,FRA,Market capitalization of listed domestic companies (% of GDP),CM.MKT.LCAP.GD.ZS,,,,,,,,,,,,,,,,9.78292718,7.359218081,6.807208481,8.956316762,8.999722832,7.787965474,6.194030308,5.068743151,6.812248535,7.736850372,14.29950044,19.90241152,16.65413142,21.87694036,32.9840584,24.55816859,28.22028198,23.35839884,34.47117993,32.46243756,31.22510757,36.4903401,46.41831859,65.54596313,100.6903324,106.1945491,85.33909131,64.7141602,73.67234316,73.69089994,80.07341687,104.72951,103.1283888,50.4528338,72.34291202,72.33438594,54.3074199,67.37356416,81.85775829,73.13375081,85.64968201,87.36532065,105.9404457,84.86605773,,
Faroe Islands,FRO,Market capitalization of listed domestic companies (% of GDP),CM.MKT.LCAP.GD.ZS,,,,,,,,,,,,,,,,,,,,,,,,,,,,,,,,,,,,,,,,,,,,,,,,,,,,,,,,,,,,,
"Micronesia, Fed. Sts.",FSM,Market capitalization of listed domestic companies (% of GDP),CM.MKT.LCAP.GD.ZS,,,,,,,,,,,,,,,,,,,,,,,,,,,,,,,,,,,,,,,,,,,,,,,,,,,,,,,,,,,,,
Gabon,GAB,Market capitalization of listed domestic companies (% of GDP),CM.MKT.LCAP.GD.ZS,,,,,,,,,,,,,,,,,,,,,,,,,,,,,,,,,,,,,,,,,,,,,,,,,,,,,,,,,,,,,
United Kingdom,GBR,Market capitalization of listed domestic companies (% of GDP),CM.MKT.LCAP.GD.ZS,,,,,,,,,,,,,,,,35.49184461,29.96227382,43.89182534,38.53361395,6.855621075,6.367971638,35.0545659,38.10341185,46.12513352,51.22643324,72.24322252,78.62569522,91.21654555,78.17925153,87.85564671,77.74164721,86.62235688,80.94560981,108.3753168,100.249025,99.13177312,120.9041829,132.6582626,139.2370391,175.6310461,155.4448977,131.0474529,104.0191385,118.158783,116.5083909,120.4634857,139.3407212,124.0441088,63.91945409,,,,,,,,,,,,
Georgia,GEO,Market capitalization of listed domestic companies (% of GDP),CM.MKT.LCAP.GD.ZS,,,,,,,,,,,,,,,,,,,,,,,,,,,,,,,,,,,,,,,,,,,,,,,,,,,,,,,,,,,,,
Ghana,GHA,Market capitalization of listed domestic companies (% of GDP),CM.MKT.LCAP.GD.ZS,,,,,,,,,,,,,,,,,,,,,,,,,,,,,,,,,,2.046509646,34.88619404,25.80455513,23.91627479,16.39093627,18.54051295,11.91809444,10.03406684,5.268198378,5.675985428,8.385297554,5.404572482,5.677230703,3.718037169,9.671761705,9.918091868,9.317452088,9.155092167,7.876770479,,,,,,,,,
Gibraltar,GIB,Market capitalization of listed domestic companies (% of GDP),CM.MKT.LCAP.GD.ZS,,,,,,,,,,,,,,,,,,,,,,,,,,,,,,,,,,,,,,,,,,,,,,,,,,,,,,,,,,,,,
Guinea,GIN,Market capitalization of listed domestic companies (% of GDP),CM.MKT.LCAP.GD.ZS,,,,,,,,,,,,,,,,,,,,,,,,,,,,,,,,,,,,,,,,,,,,,,,,,,,,,,,,,,,,,
"Gambia, The",GMB,Market capitalization of listed domestic companies (% of GDP),CM.MKT.LCAP.GD.ZS,,,,,,,,,,,,,,,,,,,,,,,,,,,,,,,,,,,,,,,,,,,,,,,,,,,,,,,,,,,,,
Guinea-Bissau,GNB,Market capitalization of listed domestic companies (% of GDP),CM.MKT.LCAP.GD.ZS,,,,,,,,,,,,,,,,,,,,,,,,,,,,,,,,,,,,,,,,,,,,,,,,,,,,,,,,,,,,,
Equatorial Guinea,GNQ,Market capitalization of listed domestic companies (% of GDP),CM.MKT.LCAP.GD.ZS,,,,,,,,,,,,,,,,,,,,,,,,,,,,,,,,,,,,,,,,,,,,,,,,,,,,,,,,,,,,,
Greece,GRC,Market capitalization of listed domestic companies (% of GDP),CM.MKT.LCAP.GD.ZS,,,,,,,,,,,,,,,,,,,,,,,,,,,,,,,,,,,,,,,,,,62.23011048,43.59425813,52.81369601,52.07091848,58.56767363,73.42957042,83.19074913,25.44710143,34.1310043,22.57685199,11.73702073,18.26695494,34.43406467,23.26893981,21.40459342,19.03625846,24.85655069,17.59014267,25.56744058,
Grenada,GRD,Market capitalization of listed domestic companies (% of GDP),CM.MKT.LCAP.GD.ZS,,,,,,,,,,,,,,,,,,,,,,,,,,,,,,,,,,,,,,,,,,,,,,,,,,,,,,,,,,,,,
Greenland,GRL,Market capitalization of listed domestic companies (% of GDP),CM.MKT.LCAP.GD.ZS,,,,,,,,,,,,,,,,,,,,,,,,,,,,,,,,,,,,,,,,,,,,,,,,,,,,,,,,,,,,,
Guatemala,GTM,Market capitalization of listed domestic companies (% of GDP),CM.MKT.LCAP.GD.ZS,,,,,,,,,,,,,,,,,,,,,,,,,,,,,,,,,,,,,,,,,,,,,,,,,,,,,,,,,,,,,
Guam,GUM,Market capitalization of listed domestic companies (% of GDP),CM.MKT.LCAP.GD.ZS,,,,,,,,,,,,,,,,,,,,,,,,,,,,,,,,,,,,,,,,,,,,,,,,,,,,,,,,,,,,,
Guyana,GUY,Market capitalization of listed domestic companies (% of GDP),CM.MKT.LCAP.GD.ZS,,,,,,,,,,,,,,,,,,,,,,,,,,,,,,,,,,,,,,,,,,,,,,,,,,,,,,,,,,,,,
High income,HIC,Market capitalization of listed domestic companies (% of GDP),CM.MKT.LCAP.GD.ZS,,,,,,,,,,,,,,,,,,,,,31.51228833,29.1127878,32.46647334,38.73652069,36.39096522,49.44868152,55.58489317,58.2437,63.06529757,72.80476998,53.57845099,59.65833118,52.61609067,64.52835574,63.70649394,67.3315018,76.839456,87.99099505,103.8885917,122.9850239,111.3229438,96.99046592,78.55713496,93.26572428,98.97898981,103.7116571,118.605129,118.8397413,62.12182621,92.02123897,99.6127557,80.9192176,94.02578594,113.8703105,115.2871822,116.0519306,119.9052312,139.0544887,118.3583993,,
"Hong Kong SAR, China",HKG,Market capitalization of listed domestic companies (% of GDP),CM.MKT.LCAP.GD.ZS,,,,,,,,,,,,,,,,80.61327594,90.86422359,66.97639487,70.60111821,98.64389837,135.17298,125.520612,67.16154438,65.39642982,70.4762,96.90188457,131.084655,106.8174103,124.6201213,112.7562492,108.3942839,137.0069924,164.9369346,319.925309,198.4417368,209.9544868,281.2587971,233.051079,203.4308338,366.8736065,363.141147,298.7386283,278.3631301,442.7917181,509.4406253,581.0424864,886.1146768,1254.465315,605.9697276,1076.935958,1185.857008,908.6162847,1078.304795,1124.705202,1109.256064,1029.425587,995.2808403,1274.897888,1055.916045,1339.64454,
Honduras,HND,Market capitalization of listed domestic companies (% of GDP),CM.MKT.LCAP.GD.ZS,,,,,,,,,,,,,,,,,,,,,,,,,,,,,,,,,,,,,,,,,,,,,,,,,,,,,,,,,,,,,
Heavily indebted poor countries (HIPC),HPC,Market capitalization of listed domestic companies (% of GDP),CM.MKT.LCAP.GD.ZS,,,,,,,,,,,,,,,,,,,,,,,,,,,,,,,,,,,,,,,,,,,,,,,,,,,,,,,,,,,,,
Croatia,HRV,Market capitalization of listed domestic companies (% of GDP),CM.MKT.LCAP.GD.ZS,,,,,,,,,,,,,,,,,,,,,,,,,,,,,,,,,,,,3.959160394,12.50362599,17.73369978,11.45646939,10.69551021,12.6868894,13.56551724,30.24457157,17.66210402,26.35082119,28.46874602,57.52451391,116.8951957,38.62276885,42.52228442,42.71837512,36.07156228,,36.91912287,34.76235764,37.18160942,39.10922705,41.0312282,33.4157486,36.96675381,
Haiti,HTI,Market capitalization of listed domestic companies (% of GDP),CM.MKT.LCAP.GD.ZS,,,,,,,,,,,,,,,,,,,,,,,,,,,,,,,,,,,,,,,,,,,,,,,,,,,,,,,,,,,,,
Hungary,HUN,Market capitalization of listed domestic companies (% of GDP),CM.MKT.LCAP.GD.ZS,,,,,,,,,,,,,,,,,,,,,,,,,,,,,,,,,,,,,,,,,,,19.21178472,19.53401941,27.50850815,28.83288789,36.28264873,33.00489369,11.67689323,22.97075415,21.00450408,13.2428095,16.15886318,14.62016218,10.31028882,14.14115608,17.5552758,22.07156239,18.03689065,20.11789475,
IBRD only,IBD,Market capitalization of listed domestic companies (% of GDP),CM.MKT.LCAP.GD.ZS,,,,,,,,,,,,,,,,,,,,,,,,,,,,,,,,,,,,,,,,,,,,36.8068515,39.62607106,41.16743667,55.5561901,95.34491573,35.92734471,66.59970168,66.27729832,45.70001611,49.87856286,46.63109174,51.85697026,58.85907047,58.48550308,65.51553342,49.25323513,59.91728844,
IDA & IBRD total,IBT,Market capitalization of listed domestic companies (% of GDP),CM.MKT.LCAP.GD.ZS,,,,,,,,,,,,,,,,,,,,,,,,,,,,,,,,,,,,,,,,,,,,36.45777587,39.0538444,40.18958232,53.74012755,92.44272706,35.00418612,64.65168013,64.57547164,44.62674386,48.87190854,45.8095325,50.80669082,57.53005274,57.14965439,64.47682545,48.49788368,58.98629769,
IDA total,IDA,Market capitalization of listed domestic companies (% of GDP),CM.MKT.LCAP.GD.ZS,,,,,,,,,,,,,,,,,,,,,,,,,,,,,,,,,,,,,,,,,,,,,,,,,,,,,,,,,,,,,
IDA blend,IDB,Market capitalization of listed domestic companies (% of GDP),CM.MKT.LCAP.GD.ZS,,,,,,,,,,,,,,,,,,,,,,,,,,,,,,,,,,18.82414263,20.60283933,17.69378845,22.080116,20.288194,13.68247508,9.60343618,,,7.415579298,,26.18694489,25.04233597,23.76634,38.53242118,16.84795096,18.20248262,19.23543164,13.91137626,14.69053276,18.64016637,17.22228602,15.32221108,17.80409003,,,,
Indonesia,IDN,Market capitalization of listed domestic companies (% of GDP),CM.MKT.LCAP.GD.ZS,,,,,,,,,,,,,,,,,,,,,,,,,,,,,,,,,,,,32.94131089,40.0216424,13.46472993,23.13136704,45.74575134,16.24793089,14.33362262,15.36689466,23.28171674,28.52029714,28.48445573,38.09588394,48.97842945,19.35614609,39.83495235,47.7275708,43.68649336,46.65394903,37.99064551,47.38662528,41.03725644,45.68924907,51.26792744,46.70380867,46.75895022,
IDA only,IDX,Market capitalization of listed domestic companies (% of GDP),CM.MKT.LCAP.GD.ZS,,,,,,,,,,,,,,,,,,,,,,,,,,,,,,,,,,,,,,,,,,,,,,,,,,,,,,,,,,,,,
Isle of Man,IMN,Market capitalization of listed domestic companies (% of GDP),CM.MKT.LCAP.GD.ZS,,,,,,,,,,,,,,,,,,,,,,,,,,,,,,,,,,,,,,,,,,,,,,,,,,,,,,,,,,,,,
India,IND,Market capitalization of listed domestic companies (% of GDP),CM.MKT.LCAP.GD.ZS,,,,,,,,,,,,,,,,,,,,,,,,,,,,,,,,,,,,,,,,,,,,45.92614089,54.69251531,67.41664404,87.09066395,149.5066592,53.98341437,97.36443059,97.38688262,55.24712301,69.1239511,61.33572746,76.41992622,72.07765218,68.27095468,87.89228467,76.79159638,75.97890796,
Not classified,INX,Market capitalization of listed domestic companies (% of GDP),CM.MKT.LCAP.GD.ZS,,,,,,,,,,,,,,,,,,,,,,,,,,,,,,,,,,,,,,,,,,,,,,,,,,,,,,,,,,,,,
Ireland,IRL,Market capitalization of listed domestic companies (% of GDP),CM.MKT.LCAP.GD.ZS,,,,,,,,,,,,,,,,,,,,,,,,,,,,,,,,,,,,,,59.04236175,77.34777156,69.68459902,82.0030286,68.99497408,46.84451632,51.78229341,58.84614551,53.90346336,70.34947026,53.31444754,17.9937859,25.93604103,27.17472322,45.6445412,48.43973768,71.31724481,55.50539093,43.91387049,39.87331016,43.66107687,28.78540643,,
"Iran, Islamic Rep.",IRN,Market capitalization of listed domestic companies (% of GDP),CM.MKT.LCAP.GD.ZS,,,,,,,,,,,,,,,,3.669657448,4.555119475,4.732883614,6.412980095,,,,,,,,,,,,,,,2.018711731,3.901646701,9.501943134,14.13943858,13.32633557,13.51439712,19.17200452,24.35007222,5.817554147,9.143156214,17.9388548,22.41614936,16.09179771,13.63677372,12.54281729,11.81383377,14.21324754,17.79789742,18.43941489,15.19461383,75.12095944,26.95677019,23.23099006,26.65232383,24.3933716,31.61879146,,
Iraq,IRQ,Market capitalization of listed domestic companies (% of GDP),CM.MKT.LCAP.GD.ZS,,,,,,,,,,,,,,,,,,,,,,,,,,,,,,,,,,,,,,,,,,,,,,,,,,,,,,,,,,,,,
Iceland,ISL,Market capitalization of listed domestic companies (% of GDP),CM.MKT.LCAP.GD.ZS,,,,,,,,,,,,,,,,,,,,,,,,,,,,,,,,,,,,,,,,,,,,,,,,,,,,,,,,,,,,,
Israel,ISR,Market capitalization of listed domestic companies (% of GDP),CM.MKT.LCAP.GD.ZS,,,,,,,,,,,,,,,,,,,,11.7629185,19.82945686,27.15457248,56.9807151,16.33373927,20.91473699,27.64406434,28.88745449,29.45958249,10.78124474,16.43246489,13.97218669,21.08603021,39.14300394,66.67547523,37.77818037,36.36876986,32.51966402,40.39326264,35.26471672,55.72556958,50.43175571,44.09418425,34.78379977,55.26603263,67.80188307,86.00215218,104.9972133,131.3463599,49.83982683,90.97005063,97.27274188,60.02197947,62.93467123,69.47239438,64.77774616,81.35190317,67.08989083,65.40595375,50.58620667,60.14692274,
Italy,ITA,Market capitalization of listed domestic companies (% of GDP),CM.MKT.LCAP.GD.ZS,,,,,,,,,,,,,,,,,,,,,,,,,,,,,,,,,,,,,,,,58.16505836,67.17462059,45.19807166,37.5439363,39.05874288,43.78609205,42.9643297,52.69746003,48.52455564,21.76402667,,,,,,,,,,,,
Jamaica,JAM,Market capitalization of listed domestic companies (% of GDP),CM.MKT.LCAP.GD.ZS,,,,,,,,,,,,,,,,,,,,,,,,,,,,,,,,,,27.22800062,33.53118241,21.26630968,26.39237242,27.35747837,24.34379242,28.52936464,39.51631134,51.31750734,62.11563808,,,,,,,,29.38113753,34.67621688,,,,,,,,95.80375449,
Jordan,JOR,Market capitalization of listed domestic companies (% of GDP),CM.MKT.LCAP.GD.ZS,,,,,,,,,,,,,,,,,,,,,,,,,,,,,,,,,,,,,,,,,,,,,,,,238.673629,158.4219033,129.7041759,113.7489595,92.07046018,85.24689003,74.7782575,69.35276591,65.96107021,61.60035029,57.88254413,52.96743762,47.26971041,
Japan,JPN,Market capitalization of listed domestic companies (% of GDP),CM.MKT.LCAP.GD.ZS,,,,,,,,,,,,,,,,27.18843653,30.86194491,2.984485477,3.373889037,27.40479419,34.30591658,34.28604706,36.79141092,43.90234879,48.87902007,67.78664937,85.79506818,107.6421364,123.353645,139.4599746,93.47922715,83.85449627,57.68621165,65.24932244,73.20491295,65.06204514,62.47234819,47.23661462,60.49703373,97.66048031,64.59762823,52.62006763,50.28531346,66.42657291,73.88503528,96.16206433,101.847343,95.9173454,61.84716836,63.19709827,67.15277742,54.00583973,56.08112202,88.11905484,90.2602291,111.5148947,100.665541,127.8610762,106.9024789,121.8290841,
Kazakhstan,KAZ,Market capitalization of listed domestic companies (% of GDP),CM.MKT.LCAP.GD.ZS,,,,,,,,,,,,,,,,,,,,,,,,,,,,,,,,,,,,,,,7.651462491,5.997042063,4.384541938,5.519599517,5.233840525,7.867690298,9.134946807,18.43134323,53.93364805,39.46356191,17.43969487,24.22139822,18.01635106,11.70000445,11.31863557,11.08384628,10.37571102,18.9230309,29.25532215,27.31214972,20.63413129,22.37064198,
Kenya,KEN,Market capitalization of listed domestic companies (% of GDP),CM.MKT.LCAP.GD.ZS,,,,,,,,,,,,,,,,,,,,,,,,,,,,,,,,,,18.4829421,42.62224451,22.30198189,14.93475961,13.82320278,14.8188603,,9.880792722,8.049433253,10.8862023,28.06370591,24.17451699,34.06993723,44.0573428,41.7564882,30.23834416,29.62277712,36.15209515,24.31889151,,,,,,,,26.24158065,
Kyrgyz Republic,KGZ,Market capitalization of listed domestic companies (% of GDP),CM.MKT.LCAP.GD.ZS,,,,,,,,,,,,,,,,,,,,,,,,,,,,,,,,,,,,,,,,,,,,,,,,,,,,,,,,,,,,,
Cambodia,KHM,Market capitalization of listed domestic companies (% of GDP),CM.MKT.LCAP.GD.ZS,,,,,,,,,,,,,,,,,,,,,,,,,,,,,,,,,,,,,,,,,,,,,,,,,,,,,,,,,,,,,
Kiribati,KIR,Market capitalization of listed domestic companies (% of GDP),CM.MKT.LCAP.GD.ZS,,,,,,,,,,,,,,,,,,,,,,,,,,,,,,,,,,,,,,,,,,,,,,,,,,,,,,,,,,,,,
St. Kitts and Nevis,KNA,Market capitalization of listed domestic companies (% of GDP),CM.MKT.LCAP.GD.ZS,,,,,,,,,,,,,,,,,,,,,,,,,,,,,,,,,,,,,,,,,,,,,,,,,,,,,,,,,,,,,
"Korea, Rep.",KOR,Market capitalization of listed domestic companies (% of GDP),CM.MKT.LCAP.GD.ZS,,,,,,,,,,,,,,,,,,,,8.053128574,5.854494229,5.791959295,5.625043095,4.998612076,6.381258272,7.286375667,11.9175719,22.32750832,47.27087054,56.89515259,38.92508844,29.17478562,30.28226398,35.547726,41.36559802,32.11437914,22.80049184,7.350772443,29.8940943,61.5316061,29.72384854,42.71286847,39.9694438,46.88333488,54.00139638,76.80071529,79.22435276,95.7353611,44.95179454,88.41612826,95.44121919,79.48624343,92.2554737,90.06075817,81.70481531,83.99660478,83.62985712,109.1056282,81.96191573,,
Kuwait,KWT,Market capitalization of listed domestic companies (% of GDP),CM.MKT.LCAP.GD.ZS,,,,,,,,,,,,,,,,,,,,,,,,,,,,,,,,,,43.85655716,40.06964797,47.69994188,60.11855853,97.69645264,87.76131284,66.45803863,51.60019464,64.87567773,82.49146556,127.3099479,122.6527177,128.3688347,105.4301686,,,,,,,,,,,,,,
Latin America & Caribbean (excluding high income),LAC,Market capitalization of listed domestic companies (% of GDP),CM.MKT.LCAP.GD.ZS,,,,,,,,,,,,,,,,,,,,,,,,,,,,,,,,,,,,,,,,,22.74428096,20.72495659,17.50486716,27.27610338,33.02792991,37.90571094,46.66649089,65.03141384,27.89796788,59.34205104,57.03153769,40.30223544,45.04925424,38.57083026,32.99201428,26.93487911,34.36345326,38.32424508,36.95453304,45.16987043,
Lao PDR,LAO,Market capitalization of listed domestic companies (% of GDP),CM.MKT.LCAP.GD.ZS,,,,,,,,,,,,,,,,,,,,,,,,,,,,,,,,,,,,,,,,,,,,,,,,,,,,,,,,,,,,,
Lebanon,LBN,Market capitalization of listed domestic companies (% of GDP),CM.MKT.LCAP.GD.ZS,,,,,,,,,,,,,,,,,,,,,,,,,,,,,,,,,,,,,17.50154831,17.03924948,13.86313669,10.87541757,9.004792275,6.957605142,6.925822163,7.05943204,10.42678608,22.37412063,36.97982698,43.28254054,32.9118363,36.29935422,33.02825071,22.65913156,20.61631779,22.74221105,23.53437378,22.78953238,23.75404921,21.6252013,17.60363068,14.87893211,
Liberia,LBR,Market capitalization of listed domestic companies (% of GDP),CM.MKT.LCAP.GD.ZS,,,,,,,,,,,,,,,,,,,,,,,,,,,,,,,,,,,,,,,,,,,,,,,,,,,,,,,,,,,,,
Libya,LBY,Market capitalization of listed domestic companies (% of GDP),CM.MKT.LCAP.GD.ZS,,,,,,,,,,,,,,,,,,,,,,,,,,,,,,,,,,,,,,,,,,,,,,,,,,,,,,,,,,,,,
St. Lucia,LCA,Market capitalization of listed domestic companies (% of GDP),CM.MKT.LCAP.GD.ZS,,,,,,,,,,,,,,,,,,,,,,,,,,,,,,,,,,,,,,,,,,,,,,,,,,,,,,,,,,,,,
Latin America & Caribbean,LCN,Market capitalization of listed domestic companies (% of GDP),CM.MKT.LCAP.GD.ZS,,,,,,,,,,,,,,,,,,,,,,,,,,,,,,,,,,,,,,,,,25.07124055,23.13205099,19.88073654,31.41263099,37.62116887,41.72205217,50.2486613,67.80136012,30.03635145,62.71662029,61.68434969,43.55340959,48.73251959,41.50476149,35.77761177,29.74336306,37.20488007,42.10472294,39.8946404,46.58004024,
Least developed countries: UN classification,LDC,Market capitalization of listed domestic companies (% of GDP),CM.MKT.LCAP.GD.ZS,,,,,,,,,,,,,,,,,,,,,,,,,,,,,,,,,,,,,,,,,,,,,,,,,,,,,,,,,,,,,
Low income,LIC,Market capitalization of listed domestic companies (% of GDP),CM.MKT.LCAP.GD.ZS,,,,,,,,,,,,,,,,,,,,,,,,,,,,,,,,,,,,,,,,,,,,,,,,,,,,,,,,,,,,,
Liechtenstein,LIE,Market capitalization of listed domestic companies (% of GDP),CM.MKT.LCAP.GD.ZS,,,,,,,,,,,,,,,,,,,,,,,,,,,,,,,,,,,,,,,,,,,,,,,,,,,,,,,,,,,,,
Sri Lanka,LKA,Market capitalization of listed domestic companies (% of GDP),CM.MKT.LCAP.GD.ZS,,,,,,,,,,,,,,,,,,,,,,,,,,,,,,,,,,,,,,,,10.11750657,6.577381802,8.454290883,10.16180194,14.35813833,17.69870736,23.43701947,27.47136083,23.3481051,10.52701714,22.69436256,35.12313239,29.76898523,24.80332653,25.30557733,29.82129373,25.81024412,22.66812912,21.68583608,17.61364242,18.71297178,
Lower middle income,LMC,Market capitalization of listed domestic companies (% of GDP),CM.MKT.LCAP.GD.ZS,,,,,,,,,,,,,,,,,,,,,,,,,,,,,,,,,,,,,,,,,,,,,40.32104387,45.96295705,58.56832832,98.94279882,35.57644919,61.71228119,63.87310503,38.94295101,48.65583213,44.46245818,53.06564863,50.40034358,49.19627987,65.66395374,56.69847863,61.07904055,
Low & middle income,LMY,Market capitalization of listed domestic companies (% of GDP),CM.MKT.LCAP.GD.ZS,,,,,,,,,,,,,,,,,,,,,,,,,,,,,,,,,,,,,,,,,,,,36.62008071,38.6721481,39.8408427,53.5671996,94.70238803,35.62598513,65.5454747,64.73890442,44.68462436,48.37575364,45.41324134,50.88825602,57.98822521,57.49761284,64.67357436,48.62623956,60.18611558,
Lesotho,LSO,Market capitalization of listed domestic companies (% of GDP),CM.MKT.LCAP.GD.ZS,,,,,,,,,,,,,,,,,,,,,,,,,,,,,,,,,,,,,,,,,,,,,,,,,,,,,,,,,,,,,
Late-demographic dividend,LTE,Market capitalization of listed domestic companies (% of GDP),CM.MKT.LCAP.GD.ZS,,,,,,,,,,,,,,,,,,,,,,,,,,,,,,,,,,,,,,,,,,,,40.59778305,38.69972086,36.69380792,52.9339566,100.2297063,35.77030175,66.41896377,65.27109006,45.42310445,47.10386863,44.48722848,50.70486716,62.33764096,60.66386952,65.08866526,46.95391853,59.45188254,
Lithuania,LTU,Market capitalization of listed domestic companies (% of GDP),CM.MKT.LCAP.GD.ZS,,,,,,,,,,,,,,,,,,,,,,,,,,,,,,,,,,,,,,,,,,,,,,,,,,,,,,,,,,,,,
Luxembourg,LUX,Market capitalization of listed domestic companies (% of GDP),CM.MKT.LCAP.GD.ZS,,,,,,,,,,,,,,,,24.74151266,22.57165306,21.96973929,21.42514083,44.47200348,23.32346997,28.99283978,33.62521325,32.27727438,35.22759782,59.0922176,65.97291843,82.9375629,86.84697374,99.58201517,79.03344197,78.7312931,73.65549173,117.1590125,155.6189859,140.9403358,148.8370795,171.7185296,188.9344819,161.624279,159.9759977,106.7596507,103.9579021,126.3078101,144.5672266,137.2208438,187.4687659,326.3589871,119.2750293,204.4911022,190.046632,112.7036693,124.1018163,127.3755509,95.55798476,81.62061204,100.360319,106.9445314,69.77251733,62.20893091,
Latvia,LVA,Market capitalization of listed domestic companies (% of GDP),CM.MKT.LCAP.GD.ZS,,,,,,,,,,,,,,,,,,,,,,,,,,,,,,,,,,,,,,,,,,,,,,,,,,,,,,,,,,,,,
"Macao SAR, China",MAC,Market capitalization of listed domestic companies (% of GDP),CM.MKT.LCAP.GD.ZS,,,,,,,,,,,,,,,,,,,,,,,,,,,,,,,,,,,,,,,,,,,,,,,,,,,,,,,,,,,,,
St. Martin (French part),MAF,Market capitalization of listed domestic companies (% of GDP),CM.MKT.LCAP.GD.ZS,,,,,,,,,,,,,,,,,,,,,,,,,,,,,,,,,,,,,,,,,,,,,,,,,,,,,,,,,,,,,
Morocco,MAR,Market capitalization of listed domestic companies (% of GDP),CM.MKT.LCAP.GD.ZS,,,,,,,,,,,,,,,,,,,,,,,,,,,,,,,,,,,,,,,,,,,,,,,,,,,74.18421311,59.27553404,53.40573164,50.39181139,47.9162443,45.39237707,55.73400414,61.12947882,51.72119495,54.64919143,
Monaco,MCO,Market capitalization of listed domestic companies (% of GDP),CM.MKT.LCAP.GD.ZS,,,,,,,,,,,,,,,,,,,,,,,,,,,,,,,,,,,,,,,,,,,,,,,,,,,,,,,,,,,,,
Moldova,MDA,Market capitalization of listed domestic companies (% of GDP),CM.MKT.LCAP.GD.ZS,,,,,,,,,,,,,,,,,,,,,,,,,,,,,,,,,,,,,,,,,,,,,,,,,,,,,,,,,,,,,
Madagascar,MDG,Market capitalization of listed domestic companies (% of GDP),CM.MKT.LCAP.GD.ZS,,,,,,,,,,,,,,,,,,,,,,,,,,,,,,,,,,,,,,,,,,,,,,,,,,,,,,,,,,,,,
Maldives,MDV,Market capitalization of listed domestic companies (% of GDP),CM.MKT.LCAP.GD.ZS,,,,,,,,,,,,,,,,,,,,,,,,,,,,,,,,,,,,,,,,,,,,,,,,,,,,,,,,,,,,,
Middle East & North Africa,MEA,Market capitalization of listed domestic companies (% of GDP),CM.MKT.LCAP.GD.ZS,,,,,,,,,,,,,,,,,,,,,,,,,,,,,,,,,,,,,,,,,,,,,,,,,,49.07670578,47.76709753,34.21230198,33.22964605,53.64800566,47.39685691,48.1863075,48.48044747,48.4080069,46.48359768,131.3470915,
Mexico,MEX,Market capitalization of listed domestic companies (% of GDP),CM.MKT.LCAP.GD.ZS,,,,,,,,,,,,,,,,0.534090909,0.89861415,,0.72,0.889556714,0.633228908,0.382634694,0.931698092,1.940327581,1.986307548,2.002870715,4.102561162,6.133899088,8.369511742,12.23121865,15.71270317,32.81570272,38.20490076,40.11399494,24.67650309,25.18759557,25.97975676,31.29312364,17.42553256,25.66401919,17.68648639,16.68525555,13.46202451,16.80061128,21.91167137,27.25178691,35.71352529,37.78151844,21.08623658,39.11418905,42.95184945,34.62036678,43.715016,41.27415703,36.51080609,34.32582974,32.64200756,35.98376298,31.50094537,32.59740148,
Marshall Islands,MHL,Market capitalization of listed domestic companies (% of GDP),CM.MKT.LCAP.GD.ZS,,,,,,,,,,,,,,,,,,,,,,,,,,,,,,,,,,,,,,,,,,,,,,,,,,,,,,,,,,,,,
Middle income,MIC,Market capitalization of listed domestic companies (% of GDP),CM.MKT.LCAP.GD.ZS,,,,,,,,,,,,,,,,,,,,,,,,,,,,,,,,,,,,,,,,,,,,36.62008071,38.6721481,39.8408427,53.5671996,94.70238803,35.62598513,65.5454747,64.73890442,44.68462436,48.37575364,45.41324134,50.88825602,57.98822521,57.49761284,64.67357436,48.62623956,60.19745331,
North Macedonia,MKD,Market capitalization of listed domestic companies (% of GDP),CM.MKT.LCAP.GD.ZS,,,,,,,,,,,,,,,,,,,,,,,,,,,,,,,,,,,,,,,,,,,,,,,,,,,,,,,,,,,,,
Mali,MLI,Market capitalization of listed domestic companies (% of GDP),CM.MKT.LCAP.GD.ZS,,,,,,,,,,,,,,,,,,,,,,,,,,,,,,,,,,,,,,,,,,,,,,,,,,,,,,,,,,,,,
Malta,MLT,Market capitalization of listed domestic companies (% of GDP),CM.MKT.LCAP.GD.ZS,,,,,,,,,,,,,,,,,,,,,,,,,,,,,,,,,,,,,,,,,49.74375873,33.18854078,30.72892261,33.96180021,46.56898849,63.47230457,66.4406119,71.08058,39.3411439,46.91959368,46.40937888,35.57360425,38.37886873,40.27034143,31.32342887,39.71821702,38.00310226,39.33372245,34.26148548,35.46462459,
Myanmar,MMR,Market capitalization of listed domestic companies (% of GDP),CM.MKT.LCAP.GD.ZS,,,,,,,,,,,,,,,,,,,,,,,,,,,,,,,,,,,,,,,,,,,,,,,,,,,,,,,,,,,,,
Middle East & North Africa (excluding high income),MNA,Market capitalization of listed domestic companies (% of GDP),CM.MKT.LCAP.GD.ZS,,,,,,,,,,,,,,,,,,,,,,,,,,,,,,,,,,,,,,,,,,,,,,,26.10233949,34.47290734,22.16406512,24.21069829,27.49852191,21.27994637,19.0120834,42.24899989,23.86205127,21.25737882,21.62556006,24.37067384,25.32117103,,
Montenegro,MNE,Market capitalization of listed domestic companies (% of GDP),CM.MKT.LCAP.GD.ZS,,,,,,,,,,,,,,,,,,,,,,,,,,,,,,,,,,,,,,,,,,,,,,,,,76.29868744,,77.78911519,77.21535859,92.65279217,,,,,,,,
Mongolia,MNG,Market capitalization of listed domestic companies (% of GDP),CM.MKT.LCAP.GD.ZS,,,,,,,,,,,,,,,,,,,,,,,,,,,,,,,,,,,,,,,,,,,,,,,,,,,,,,,,,,,,,
Northern Mariana Islands,MNP,Market capitalization of listed domestic companies (% of GDP),CM.MKT.LCAP.GD.ZS,,,,,,,,,,,,,,,,,,,,,,,,,,,,,,,,,,,,,,,,,,,,,,,,,,,,,,,,,,,,,
Mozambique,MOZ,Market capitalization of listed domestic companies (% of GDP),CM.MKT.LCAP.GD.ZS,,,,,,,,,,,,,,,,,,,,,,,,,,,,,,,,,,,,,,,,,,,,,,,,,,,,,,,,,,,,,
Mauritania,MRT,Market capitalization of listed domestic companies (% of GDP),CM.MKT.LCAP.GD.ZS,,,,,,,,,,,,,,,,,,,,,,,,,,,,,,,,,,,,,,,,,,,,,,,,,,,,,,,,,,,,,
Mauritius,MUS,Market capitalization of listed domestic companies (% of GDP),CM.MKT.LCAP.GD.ZS,,,,,,,,,,,,,,,,,,,,,,,,,,,,,,,,,,21.46217993,37.14387571,33.09741349,33.5834201,36.39995685,40.82271098,35.03502498,26.648004,21.20044017,24.59024399,32.58785281,32.20854368,35.85158679,70.54557856,97.16497149,46.66483816,72.10168826,77.49925242,68.10975932,61.5330663,73.72311385,68.34894329,61.90876053,61.87058897,73.47961218,69.43706095,61.32905728,
Malawi,MWI,Market capitalization of listed domestic companies (% of GDP),CM.MKT.LCAP.GD.ZS,,,,,,,,,,,,,,,,,,,,,,,,,,,,,,,,,,,,,,,,,,,,,,,,,,,,,,,,,,,,,
Malaysia,MYS,Market capitalization of listed domestic companies (% of GDP),CM.MKT.LCAP.GD.ZS,,,,,,,,,,,,,,,,,,,,,,61.1831673,51.77362321,74.79885408,56.95831821,77.41604258,53.58379071,56.71724163,65.36714186,102.1818369,108.7329549,115.4203632,150.433979,320.9915885,247.0831897,240.9728693,303.5674922,93.22534733,132.4161587,176.7664953,120.6483714,128.2342403,124.7235892,145.9262648,145.5908267,125.7663069,144.8024507,168.0671232,81.98778838,142.9955433,160.2598047,132.7810762,148.3853507,154.7858846,135.7752187,127.0849659,119.4296691,142.8251821,110.9567865,110.7699532,
North America,NAC,Market capitalization of listed domestic companies (% of GDP),CM.MKT.LCAP.GD.ZS,,,,,,,,,,,,,,,,,,,,,52.55254365,39.3995682,45.49695502,51.99708221,42.08509305,55.14208952,57.99471264,55.56324455,56.1779903,63.24892216,54.17244587,68.97034691,70.34998757,78.62840874,72.64060553,92.47903539,107.5689649,127.6291158,144.4563185,157.4275918,144.3950137,128.9669895,102.1110212,122.8622172,132.1845097,130.0777402,140.5400657,138.8602899,77.6069618,105.8719326,117.1201771,101.2531745,114.9606678,140.3015766,147.0106445,134.745695,144.9288634,162.8731967,145.1628487,,
Namibia,NAM,Market capitalization of listed domestic companies (% of GDP),CM.MKT.LCAP.GD.ZS,,,,,,,,,,,,,,,,,,,,,,,,,,,,,,,,,,0.85959239,5.39995314,4.793945984,12.00270936,16.79886341,11.17253137,18.10738763,8.117625542,4.328532282,6.252814024,6.394757768,6.058694862,5.839078253,6.910369307,8.013427738,7.198278234,10.96544756,10.43885798,9.336329495,9.99253698,14.86769722,15.57101646,16.95595877,21.9109236,22.8793639,18.29843413,21.09735202,
New Caledonia,NCL,Market capitalization of listed domestic companies (% of GDP),CM.MKT.LCAP.GD.ZS,,,,,,,,,,,,,,,,,,,,,,,,,,,,,,,,,,,,,,,,,,,,,,,,,,,,,,,,,,,,,
Niger,NER,Market capitalization of listed domestic companies (% of GDP),CM.MKT.LCAP.GD.ZS,,,,,,,,,,,,,,,,,,,,,,,,,,,,,,,,,,,,,,,,,,,,,,,,,,,,,,,,,,,,,
Nigeria,NGA,Market capitalization of listed domestic companies (% of GDP),CM.MKT.LCAP.GD.ZS,,,,,,,,,,,,,,,,,,,,,,,,,,,,,,,,,,7.720107474,8.799976996,17.65039668,24.89338638,23.06197071,18.90275532,4.951070582,,,2.488776651,,11.6331166,12.62901484,13.90510641,30.80067448,14.26030142,11.0399402,13.98408464,9.636791931,12.33919031,15.8464744,11.48143818,10.26572345,7.362519097,9.904981954,7.935877427,9.801293842,
Nicaragua,NIC,Market capitalization of listed domestic companies (% of GDP),CM.MKT.LCAP.GD.ZS,,,,,,,,,,,,,,,,,,,,,,,,,,,,,,,,,,,,,,,,,,,,,,,,,,,,,,,,,,,,,
Netherlands,NLD,Market capitalization of listed domestic companies (% of GDP),CM.MKT.LCAP.GD.ZS,,,,,,,,,,,,,,,,18.25447083,18.50345949,17.72853377,17.05132294,16.25072999,15.04433778,13.31086253,16.22462556,21.98928446,24.61600597,41.26817789,41.67718638,35.54654207,41.27326569,59.79238201,37.6418331,51.63252849,47.0417536,51.40831644,59.08256434,63.37617263,83.32208409,112.4319497,137.7102465,155.3048886,153.7921466,116.6528808,85.08393287,84.42533511,81.96697739,86.53364036,106.300178,112.8234192,41.00440939,64.41769025,78.09289202,65.77212042,77.57252061,93.26244107,88.28170807,95.19390379,102.8328602,131.9277481,,,
Norway,NOR,Market capitalization of listed domestic companies (% of GDP),CM.MKT.LCAP.GD.ZS,,,,,,,,,,,,,,,,,,,,,,5.243090242,3.824001984,7.44045967,93.34203805,15.38232947,12.84519267,12.61595349,15.46195257,24.63638935,21.81272462,18.04936012,13.63548399,22.69974331,28.67845589,29.32782589,34.78329992,41.21888839,30.11151204,39.25201341,38.40888283,39.92901882,32.81934637,41.91232012,53.46829538,61.86088767,81.26923625,88.52256123,31.56437858,58.83969116,68.87077611,44.33950096,47.6470795,50.76446598,44.01389376,50.25789813,62.70192417,72.08748933,61.5851566,73.2759693,
Nepal,NPL,Market capitalization of listed domestic companies (% of GDP),CM.MKT.LCAP.GD.ZS,,,,,,,,,,,,,,,,,,,,,,,,,,,,,,,,,,,,,,,,,,,,,,,,,,,,,,,,,,,,,
Nauru,NRU,Market capitalization of listed domestic companies (% of GDP),CM.MKT.LCAP.GD.ZS,,,,,,,,,,,,,,,,,,,,,,,,,,,,,,,,,,,,,,,,,,,,,,,,,,,,,,,,,,,,,
New Zealand,NZL,Market capitalization of listed domestic companies (% of GDP),CM.MKT.LCAP.GD.ZS,,,,,,,,,,,,,,,,,,,,,,,,,,35.59940372,72.58850101,38.76994434,29.76909951,30.70810944,19.39497726,33.44926823,36.79246722,54.77398173,49.02429946,49.08266013,54.59099516,46.1735358,44.07822778,48.24780343,35.37067493,33.08145066,32.66150629,37.44977718,42.08771626,35.38390356,40.1550074,34.5801254,18.16308015,29.25794266,29.67946783,26.18462433,29.99756379,34.56273542,37.0371156,41.89526974,42.52837113,46.09735478,41.42572896,52.13377643,
OECD members,OED,Market capitalization of listed domestic companies (% of GDP),CM.MKT.LCAP.GD.ZS,,,,,,,,,,,,,,,,,,,,,30.07116349,27.37804381,31.52999819,37.85425226,35.47983392,48.25655859,54.63470157,57.41481019,62.07836625,70.83952822,52.60451789,58.63360603,51.7219547,61.43184468,60.91698003,65.27303374,73.86174672,85.23659491,100.7581876,118.6544382,107.2156027,93.24371799,75.03240147,88.76780947,94.05272842,97.93813669,110.5854868,109.1949272,57.45644655,83.20653686,89.69238376,73.34754623,84.70366321,102.9283182,103.9782792,104.9832396,108.9735713,125.839834,107.2510131,,
Oman,OMN,Market capitalization of listed domestic companies (% of GDP),CM.MKT.LCAP.GD.ZS,,,,,,,,,,,,,,,,,,,,,,,,,,,,,,,,,,12.89751124,16.51075031,17.23298412,19.92202611,47.32819624,31.37612915,26.78918623,21.41417491,20.88782593,25.61690146,33.54108286,38.09973892,49.12468331,43.27194042,63.40028372,33.80475667,46.4346557,49.75298662,39.57898085,39.59074678,46.80326102,46.88556782,60.1218895,35.56060461,30.16922869,23.54015514,22.42779955,
Other small states,OSS,Market capitalization of listed domestic companies (% of GDP),CM.MKT.LCAP.GD.ZS,,,,,,,,,,,,,,,,,,,,,,,,,,,,,,,,,,,,,,,,,,,,,,,,,,,,,,,75.53715652,,,,,,
Pakistan,PAK,Market capitalization of listed domestic companies (% of GDP),CM.MKT.LCAP.GD.ZS,,,,,,,,,,,,,,,,,,,,,,,,,,,,,,,,,,24.41944098,24.72163969,15.59998434,18.41509379,18.90869125,8.712718436,11.1281101,8.077032754,6.169008955,12.72583926,18.1225279,42.31232718,37.74700744,32.71539516,45.74929441,13.73138532,18.96310064,21.4529076,15.24805676,19.46378699,24.78643506,30.06552742,24.42019317,32.96687999,,,,
Panama,PAN,Market capitalization of listed domestic companies (% of GDP),CM.MKT.LCAP.GD.ZS,,,,,,,,,,,,,,,,,,,,,,,,,,,,,,,,,,4.964369604,8.132156252,8.679926579,12.96297835,20.37174971,32.97831182,28.70509156,22.70785018,20.81344754,23.81426874,23.51398,27.99236097,36.41539367,39.41975275,33.824687,28.08567057,28.47882796,28.35568931,30.79524422,31.02669572,27.56578947,27.55504142,24.3555111,23.42343074,24.14649866,24.02604402,25.21077592,
Peru,PER,Market capitalization of listed domestic companies (% of GDP),CM.MKT.LCAP.GD.ZS,,,,,,,,,,,,,,,,,,,,,,,,,,,,,,,,,,,,,,26.64938991,17.78061082,24.09367326,18.84231765,18.81664448,20.88709565,24.05036992,27.06916422,31.73748048,45.1490505,67.91211088,31.41980219,59.31200847,70.05234504,47.66963318,53.26614749,40.252184,39.26495858,29.79669153,42.25674183,47.02112368,42.05695801,43.6261011,
Philippines,PHL,Market capitalization of listed domestic companies (% of GDP),CM.MKT.LCAP.GD.ZS,,,,,,,,,,,,,,,,,,,,,,,,,,,,,,,,,,,,,97.34512977,38.08474298,48.8831082,50.81964686,31.05124744,26.91976882,21.95232757,26.62677781,30.10664157,37.04964163,53.15330497,65.93952489,28.7450984,49.02550314,75.50095326,70.47593035,87.55198722,76.54740892,88.01853652,77.9321773,75.2409693,88.40744259,74.4303564,73.0640848,
Palau,PLW,Market capitalization of listed domestic companies (% of GDP),CM.MKT.LCAP.GD.ZS,,,,,,,,,,,,,,,,,,,,,,,,,,,,,,,,,,,,,,,,,,,,,,,,,,,,,,,,,,,,,
Papua New Guinea,PNG,Market capitalization of listed domestic companies (% of GDP),CM.MKT.LCAP.GD.ZS,,,,,,,,,,,,,,,,,,,,,,,,,,,,,,,,,,,,,,,,,,,,83.77304871,97.39944585,126.1517677,92.69112842,135.7840718,95.8086917,150.7287945,77.38010954,70.016751,,,,,,,,,
Poland,POL,Market capitalization of listed domestic companies (% of GDP),CM.MKT.LCAP.GD.ZS,,,,,,,,,,,,,,,,,,,,,,,,,,,,,,,,,,,,3.207618747,5.227242979,7.614783072,11.7130133,17.394951,18.16250602,13.62802585,14.25636032,16.99524195,27.64722661,30.71378394,43.19194035,49.32544047,17.01910501,34.3299189,39.74413419,26.16768842,35.58675884,39.2583811,31.13414947,28.83343356,29.34451381,38.25061622,27.32029472,25.44545971,
Pre-demographic dividend,PRE,Market capitalization of listed domestic companies (% of GDP),CM.MKT.LCAP.GD.ZS,,,,,,,,,,,,,,,,,,,,,,,,,,,,,,,,,,,,,,,,,,,,,,,,,,,,,,,,,,,,,
Puerto Rico,PRI,Market capitalization of listed domestic companies (% of GDP),CM.MKT.LCAP.GD.ZS,,,,,,,,,,,,,,,,,,,,,,,,,,,,,,,,,,,,,,,,,,,,,,,,,,,,,,,,,,,,,
"Korea, Dem. People’s Rep.",PRK,Market capitalization of listed domestic companies (% of GDP),CM.MKT.LCAP.GD.ZS,,,,,,,,,,,,,,,,,,,,,,,,,,,,,,,,,,,,,,,,,,,,,,,,,,,,,,,,,,,,,
Portugal,PRT,Market capitalization of listed domestic companies (% of GDP),CM.MKT.LCAP.GD.ZS,,,,,,,,,,,,,,,,,,0.363394274,0.259753928,0.331106927,0.565226963,0.487846419,0.302347816,0.338917708,0.310889429,0.786699781,4.725067519,29.2782137,12.75858167,17.49418073,11.9553786,10.42573658,9.058564851,13.05459677,16.31041389,15.5423874,19.96300424,33.28886806,50.79133933,53.47968333,51.28926183,38.13846381,31.93693963,35.35362286,37.1574391,33.96555819,49.950366,55.05562166,26.25400822,40.31454279,34.46964306,25.20040397,30.29969827,34.97728239,25.1633944,30.0215849,27.75526094,34.14815439,25.55932825,,
Paraguay,PRY,Market capitalization of listed domestic companies (% of GDP),CM.MKT.LCAP.GD.ZS,,,,,,,,,,,,,,,,,,,,,,,,,,,,,,,,,,,,,3.959179492,4.251985993,3.960053234,3.539634649,,,,,,,,,,,,,,,,,,,,,
West Bank and Gaza,PSE,Market capitalization of listed domestic companies (% of GDP),CM.MKT.LCAP.GD.ZS,,,,,,,,,,,,,,,,,,,,,,,,,,,,,,,,,,,,,,,,14.10189174,10.50398739,12.79616355,11.76528489,11.62247984,16.88905303,61.67957547,36.14905671,30.14787558,24.90369884,29.37729572,25.30496307,24.87435299,23.4194489,24.02781991,22.78290457,23.89854284,22.00604983,24.12878224,22.94656132,,
Pacific island small states,PSS,Market capitalization of listed domestic companies (% of GDP),CM.MKT.LCAP.GD.ZS,,,,,,,,,,,,,,,,,,,,,,,,,,,,,,,,,,,,,,,,,,,,,,,,,,,,,,,,,,,,,
Post-demographic dividend,PST,Market capitalization of listed domestic companies (% of GDP),CM.MKT.LCAP.GD.ZS,,,,,,,,,,,,,,,,,,,,,31.54899801,29.11938269,32.38026948,38.82118669,36.4435847,49.51440715,55.66714144,58.33605385,63.24715556,72.16545671,53.65973617,59.70763519,52.71696549,64.33860195,63.36705971,67.90465981,77.51189569,88.95847214,105.6969497,124.7563572,113.4312495,98.43985603,79.46354406,94.06098778,99.79222664,104.7630459,119.8756146,120.5927081,63.36394042,93.19010925,100.7065514,82.48015859,96.17037495,117.1774742,118.7102028,119.6254121,123.416275,143.4537771,122.3574214,,
French Polynesia,PYF,Market capitalization of listed domestic companies (% of GDP),CM.MKT.LCAP.GD.ZS,,,,,,,,,,,,,,,,,,,,,,,,,,,,,,,,,,,,,,,,,,,,,,,,,,,,,,,,,,,,,
Qatar,QAT,Market capitalization of listed domestic companies (% of GDP),CM.MKT.LCAP.GD.ZS,,,,,,,,,,,,,,,,,,,,,,,,,,,,,,,,,,,,,,,,,,,,,,,,119.8139987,66.39241218,,,,,76.77655092,90.12517483,88.13929711,102.0376077,81.07434616,88.93416482,91.02192284,
Romania,ROU,Market capitalization of listed domestic companies (% of GDP),CM.MKT.LCAP.GD.ZS,,,,,,,,,,,,,,,,,,,,,,,,,,,,,,,,,,,,,,,0.855252512,0.872505509,0.976532012,2.730795365,5.403105309,5.88688062,14.62399583,16.10704956,20.68050328,17.55133855,7.068817822,7.508726297,8.538888254,7.649686014,,,,,,,,10.44088566,
Russian Federation,RUS,Market capitalization of listed domestic companies (% of GDP),CM.MKT.LCAP.GD.ZS,,,,,,,,,,,,,,,,,,,,,,,,,,,,,,,,,,,,,,,,,,,,,,,,,,62.30233446,62.38341351,38.29830209,37.37454375,33.61682066,18.7412012,28.84072031,48.72007177,39.60266438,34.5065989,,
Rwanda,RWA,Market capitalization of listed domestic companies (% of GDP),CM.MKT.LCAP.GD.ZS,,,,,,,,,,,,,,,,,,,,,,,,,,,,,,,,,,,,,,,,,,,,,,,,,,,,,,,,,,,,31.04201593,
South Asia,SAS,Market capitalization of listed domestic companies (% of GDP),CM.MKT.LCAP.GD.ZS,,,,,,,,,,,,,,,,,,,,,,,,,,,,,,,,,,,,,,,,,,,,41.54475149,52.18709025,58.72755139,74.3365519,128.6289459,45.73085831,82.73277916,85.50916607,49.62355314,62.4386042,56.18899927,70.06102181,65.30573121,60.7396292,81.49804311,70.76430689,74.34973683,
Saudi Arabia,SAU,Market capitalization of listed domestic companies (% of GDP),CM.MKT.LCAP.GD.ZS,,,,,,,,,,,,,,,,,,,,,,,,,,,,,,,,,,,,,,,,,,,,,,,,,,74.27994417,66.90736159,50.48475591,50.73199898,62.59526928,63.87456709,64.35571438,69.59316718,65.55153312,63.10736207,303.520839,
Sudan,SDN,Market capitalization of listed domestic companies (% of GDP),CM.MKT.LCAP.GD.ZS,,,,,,,,,,,,,,,,,,,,,,,,,,,,,,,,,,,,,,,,,,,,,,,,,,,,,,,,,,,,,
Senegal,SEN,Market capitalization of listed domestic companies (% of GDP),CM.MKT.LCAP.GD.ZS,,,,,,,,,,,,,,,,,,,,,,,,,,,,,,,,,,,,,,,,,,,,,,,,,,,,,,,,,,,,,
Singapore,SGP,Market capitalization of listed domestic companies (% of GDP),CM.MKT.LCAP.GD.ZS,,,,,,,,,,,,,,,,,,,,146.3896374,205.2570859,245.5526495,72.94439135,87.29893216,62.00965155,57.78321237,89.41855637,85.45640697,94.64085884,117.9191856,94.81015026,104.678721,93.8679306,218.9112969,181.960861,168.5486483,155.8151292,104.3084375,110.7996527,223.6587457,159.0707681,128.8364307,109.6692939,152.0835253,189.0680376,201.3493118,258.5516955,297.9832236,136.8584686,247.8707359,269.892024,214.1650965,259.2718036,242.0255018,239.1069543,207.7750927,200.9800267,230.2836294,184.1440795,187.4070293,
Solomon Islands,SLB,Market capitalization of listed domestic companies (% of GDP),CM.MKT.LCAP.GD.ZS,,,,,,,,,,,,,,,,,,,,,,,,,,,,,,,,,,,,,,,,,,,,,,,,,,,,,,,,,,,,,
Sierra Leone,SLE,Market capitalization of listed domestic companies (% of GDP),CM.MKT.LCAP.GD.ZS,,,,,,,,,,,,,,,,,,,,,,,,,,,,,,,,,,,,,,,,,,,,,,,,,,,,,,,,,,,,,
El Salvador,SLV,Market capitalization of listed domestic companies (% of GDP),CM.MKT.LCAP.GD.ZS,,,,,,,,,,,,,,,,,,,,,,,,,,,,,,,,,,,,,,,,,,,,,,,,,,,,,,,,,,,,,
San Marino,SMR,Market capitalization of listed domestic companies (% of GDP),CM.MKT.LCAP.GD.ZS,,,,,,,,,,,,,,,,,,,,,,,,,,,,,,,,,,,,,,,,,,,,,,,,,,,,,,,,,,,,,
Somalia,SOM,Market capitalization of listed domestic companies (% of GDP),CM.MKT.LCAP.GD.ZS,,,,,,,,,,,,,,,,,,,,,,,,,,,,,,,,,,,,,,,,,,,,,,,,,,,,,,,,,,,,,
Serbia,SRB,Market capitalization of listed domestic companies (% of GDP),CM.MKT.LCAP.GD.ZS,,,,,,,,,,,,,,,,,,,,,,,,,,,,,,,,,,,,,,,,,,,,6.345417751,12.46998688,19.3807615,33.32730913,54.9481021,24.09441054,25.27703363,3.686273519,3.637348346,,,,,,,,,
Sub-Saharan Africa (excluding high income),SSA,Market capitalization of listed domestic companies (% of GDP),CM.MKT.LCAP.GD.ZS,,,,,,,,,,,,,,,,,,,,,,,,,,,,,,,,,,,133.3761151,123.7006495,109.4323223,99.47332686,,,,,,,,,,,,,,,,,,,,,,,
South Sudan,SSD,Market capitalization of listed domestic companies (% of GDP),CM.MKT.LCAP.GD.ZS,,,,,,,,,,,,,,,,,,,,,,,,,,,,,,,,,,,,,,,,,,,,,,,,,,,,,,,,,,,,,
Sub-Saharan Africa,SSF,Market capitalization of listed domestic companies (% of GDP),CM.MKT.LCAP.GD.ZS,,,,,,,,,,,,,,,,,,,,,,,,,,,,,,,,,,,131.7134775,122.1776845,108.0612801,98.4372389,,,,,,,,,,,,,,,,,,,,,,,
Small states,SST,Market capitalization of listed domestic companies (% of GDP),CM.MKT.LCAP.GD.ZS,,,,,,,,,,,,,,,,,,,,,,,,,,,,,,,,,,,,,,,,,,,,,,,,,,,,,,,,,,,,,
Sao Tome and Principe,STP,Market capitalization of listed domestic companies (% of GDP),CM.MKT.LCAP.GD.ZS,,,,,,,,,,,,,,,,,,,,,,,,,,,,,,,,,,,,,,,,,,,,,,,,,,,,,,,,,,,,,
Suriname,SUR,Market capitalization of listed domestic companies (% of GDP),CM.MKT.LCAP.GD.ZS,,,,,,,,,,,,,,,,,,,,,,,,,,,,,,,,,,,,,,,,,,,,,,,,,,,,,,,,,,,,,
Slovak Republic,SVK,Market capitalization of listed domestic companies (% of GDP),CM.MKT.LCAP.GD.ZS,,,,,,,,,,,,,,,,,,,,,,,,,,,,,,,,,,15.89517188,14.56032969,4.651289436,4.332133958,4.907632358,2.178724495,1.510406868,1.495305803,1.767356084,2.637976126,2.765771755,4.201945447,3.914849164,8.247202451,7.993630693,5.355933395,5.718172024,4.613948462,5.478880583,4.877107034,4.857244292,,,,,,,
Slovenia,SVN,Market capitalization of listed domestic companies (% of GDP),CM.MKT.LCAP.GD.ZS,,,,,,,,,,,,,,,,,,,,,,,,,,,,,,,,,,,,,,9.032947117,13.47827479,12.56638504,15.27701767,16.57998949,23.74596022,24.07355808,28.11817694,21.81625591,38.45326279,60.11664346,21.2400667,24.10440439,19.57663043,12.27932094,13.90035726,14.72758398,15.05959712,14.00549017,11.76321254,13.00428421,13.41635987,14.62558931,
Sweden,SWE,Market capitalization of listed domestic companies (% of GDP),CM.MKT.LCAP.GD.ZS,,,,,,,,,,,,,,,,2.654279358,2.909522968,8.045984239,9.789860033,8.652581744,9.085454351,13.2748604,16.25866351,28.8007954,23.51076891,32.68012085,42.0969486,38.45547187,48.15535601,54.70966805,35.14075894,35.39205841,27.46165013,47.19818981,52.07096137,64.55163764,82.39498852,98.71860374,102.9165025,136.1968394,124.9218987,97.57361257,67.12310276,86.70202697,,,,,,,,,,,,,,,,,
Eswatini,SWZ,Market capitalization of listed domestic companies (% of GDP),CM.MKT.LCAP.GD.ZS,,,,,,,,,,,,,,,,,,,,,,,,,,,,,,,,,,,23.85694085,19.9448795,29.39866046,7.541213173,5.392844728,6.126426328,4.201712454,8.239991307,10.31749011,7.838050569,8.01564481,6.177538767,6.000570331,6.752246378,,,,,,,,,,,,,
Sint Maarten (Dutch part),SXM,Market capitalization of listed domestic companies (% of GDP),CM.MKT.LCAP.GD.ZS,,,,,,,,,,,,,,,,,,,,,,,,,,,,,,,,,,,,,,,,,,,,,,,,,,,,,,,,,,,,,
Seychelles,SYC,Market capitalization of listed domestic companies (% of GDP),CM.MKT.LCAP.GD.ZS,,,,,,,,,,,,,,,,,,,,,,,,,,,,,,,,,,,,,,,,,,,,,,,,,,,,,,,,,,,,66.72234446,
Syrian Arab Republic,SYR,Market capitalization of listed domestic companies (% of GDP),CM.MKT.LCAP.GD.ZS,,,,,,,,,,,,,,,,,,,,,,,,,,,,,,,,,,,,,,,,,,,,,,,,,,,,,,,,,,,,,
Turks and Caicos Islands,TCA,Market capitalization of listed domestic companies (% of GDP),CM.MKT.LCAP.GD.ZS,,,,,,,,,,,,,,,,,,,,,,,,,,,,,,,,,,,,,,,,,,,,,,,,,,,,,,,,,,,,,
Chad,TCD,Market capitalization of listed domestic companies (% of GDP),CM.MKT.LCAP.GD.ZS,,,,,,,,,,,,,,,,,,,,,,,,,,,,,,,,,,,,,,,,,,,,,,,,,,,,,,,,,,,,,
East Asia & Pacific (IDA & IBRD countries),TEA,Market capitalization of listed domestic companies (% of GDP),CM.MKT.LCAP.GD.ZS,,,,,,,,,,,,,,,,,,,,,,,,,,,,,,,,,,,,,,,,,,,,38.8594864,32.59834475,27.63100592,47.72074016,115.728211,37.93993109,68.41296661,67.89120403,49.15227288,49.60343331,46.33773598,60.58290838,72.92041773,66.04282963,72.69314901,49.41469302,61.36225719,
Europe & Central Asia (IDA & IBRD countries),TEC,Market capitalization of listed domestic companies (% of GDP),CM.MKT.LCAP.GD.ZS,,,,,,,,,,,,,,,,,,,,,,,,,,,,,,,,,,,,,,,,,,,,,,,,,,44.62594275,46.09771145,29.5018119,35.4070239,29.97103845,21.40464815,26.30277055,35.3581436,34.17701765,27.8190177,,
Togo,TGO,Market capitalization of listed domestic companies (% of GDP),CM.MKT.LCAP.GD.ZS,,,,,,,,,,,,,,,,,,,,,,,,,,,,,,,,,,,,,,,,,,,,,,,,,,,,,,,,,,,,,
Thailand,THA,Market capitalization of listed domestic companies (% of GDP),CM.MKT.LCAP.GD.ZS,,,,,,,,,,,,,,,,,,,,,,,,,,,,,,31.95125212,23.96637647,38.75321211,51.39239601,99.40222436,86.64923516,82.86786562,52.82992293,15.23912346,30.13174484,45.13852714,23.11645197,29.87883032,33.88240624,78.15646859,66.73985928,65.4373067,63.20455442,74.97052681,35.39267669,62.81488351,81.42122995,72.40425058,98.03754456,84.30620216,105.6678167,86.91790131,104.7229399,120.272141,98.86023432,104.7243857,
Tajikistan,TJK,Market capitalization of listed domestic companies (% of GDP),CM.MKT.LCAP.GD.ZS,,,,,,,,,,,,,,,,,,,,,,,,,,,,,,,,,,,,,,,,,,,,,,,,,,,,,,,,,,,,,
Turkmenistan,TKM,Market capitalization of listed domestic companies (% of GDP),CM.MKT.LCAP.GD.ZS,,,,,,,,,,,,,,,,,,,,,,,,,,,,,,,,,,,,,,,,,,,,,,,,,,,,,,,,,,,,,
Latin America & the Caribbean (IDA & IBRD countries),TLA,Market capitalization of listed domestic companies (% of GDP),CM.MKT.LCAP.GD.ZS,,,,,,,,,,,,,,,,,,,,,,,,,,,,,,,,,,,,,,,,,25.02286508,23.07129852,19.88073654,31.41263099,37.62116887,41.72205217,50.31937469,67.8889951,30.06871092,62.78886273,61.75068605,43.49562403,48.73418935,41.50476149,35.77761177,29.76829997,37.1744606,42.0785022,39.86136165,46.55860018,
Timor-Leste,TLS,Market capitalization of listed domestic companies (% of GDP),CM.MKT.LCAP.GD.ZS,,,,,,,,,,,,,,,,,,,,,,,,,,,,,,,,,,,,,,,,,,,,,,,,,,,,,,,,,,,,,
Middle East & North Africa (IDA & IBRD countries),TMN,Market capitalization of listed domestic companies (% of GDP),CM.MKT.LCAP.GD.ZS,,,,,,,,,,,,,,,,,,,,,,,,,,,,,,,,,,,,,,,,,,,,,,,26.00413513,34.50904627,22.14030157,24.16132652,27.51837338,21.24735392,18.97088325,42.45544635,23.8746864,21.22423877,21.62044804,24.37423571,25.35522814,,
Tonga,TON,Market capitalization of listed domestic companies (% of GDP),CM.MKT.LCAP.GD.ZS,,,,,,,,,,,,,,,,,,,,,,,,,,,,,,,,,,,,,,,,,,,,,,,,,,,,,,,,,,,,,
South Asia (IDA & IBRD),TSA,Market capitalization of listed domestic companies (% of GDP),CM.MKT.LCAP.GD.ZS,,,,,,,,,,,,,,,,,,,,,,,,,,,,,,,,,,,,,,,,,,,,41.54475149,52.18709025,58.72755139,74.3365519,128.6289459,45.73085831,82.73277916,85.50916607,49.62355314,62.4386042,56.18899927,70.06102181,65.30573121,60.7396292,81.49804311,70.76430689,74.34973683,
Sub-Saharan Africa (IDA & IBRD countries),TSS,Market capitalization of listed domestic companies (% of GDP),CM.MKT.LCAP.GD.ZS,,,,,,,,,,,,,,,,,,,,,,,,,,,,,,,,,,,131.7134775,122.1776845,108.0612801,98.4372389,,,,,,,,,,,,,,,,,,,,,,,
Trinidad and Tobago,TTO,Market capitalization of listed domestic companies (% of GDP),CM.MKT.LCAP.GD.ZS,,,,,,,,,,,,,,,,,,,,,,,,,,,,,,,,,,,,,,,,,41.92234737,44.06975472,,,,,,,,,,,,,,,,,,,
Tunisia,TUN,Market capitalization of listed domestic companies (% of GDP),CM.MKT.LCAP.GD.ZS,,,,,,,,,,,,,,,,,,,,,,,,,,,,,,,,,,,,22.34089939,19.20640223,10.78319259,9.965797829,11.48346448,13.1106284,10.10812905,9.205137398,8.971523607,8.248431869,8.72707632,12.31379416,13.74247064,14.12751286,21.35973693,24.18044342,21.09111081,19.72928185,18.59529204,18.35679825,20.42749352,20.21520409,22.41719895,20.94274008,21.91741237,
Turkey,TUR,Market capitalization of listed domestic companies (% of GDP),CM.MKT.LCAP.GD.ZS,,,,,,,,,,,,,,,,,,,,,,,,,,,,,,,,,,20.32122083,16.53151084,12.2557186,16.70296584,32.18328703,12.19187148,43.96341795,25.41384177,23.98373639,15.00275762,21.73553731,24.04165948,31.60035332,28.87848372,41.7616295,15.26178885,35.68154307,38.92609367,23.49520961,35.79528636,20.43700652,23.40552878,21.85106654,19.75028983,26.48601125,19.17613548,24.29207587,
Tuvalu,TUV,Market capitalization of listed domestic companies (% of GDP),CM.MKT.LCAP.GD.ZS,,,,,,,,,,,,,,,,,,,,,,,,,,,,,,,,,,,,,,,,,,,,,,,,,,,,,,,,,,,,,
Tanzania,TZA,Market capitalization of listed domestic companies (% of GDP),CM.MKT.LCAP.GD.ZS,,,,,,,,,,,,,,,,,,,,,,,,,,,,,,,,,,,,,,,,1.348337046,1.73056526,2.931162036,,,,,,,,,,,,,,,,,,,
Uganda,UGA,Market capitalization of listed domestic companies (% of GDP),CM.MKT.LCAP.GD.ZS,,,,,,,,,,,,,,,,,,,,,,,,,,,,,,,,,,,,,,,,,,,,,,,,,,,,,,,,,,,,,
Ukraine,UKR,Market capitalization of listed domestic companies (% of GDP),CM.MKT.LCAP.GD.ZS,,,,,,,,,,,,,,,,,,,,,,,,,,,,,,,,,,,,,,,,,,,,,,,,,,,28.59826297,15.72328489,,,,,,4.633196849,3.373091913,,
Upper middle income,UMC,Market capitalization of listed domestic companies (% of GDP),CM.MKT.LCAP.GD.ZS,,,,,,,,,,,,,,,,,,,,,,,,,,,,,,,,,,,,,,,,,,,,36.84889298,38.27989458,38.36685003,52.29270513,93.63238824,35.63764723,66.38277537,64.93731736,45.9057463,48.32303118,45.58891713,50.46661373,59.55041163,59.35356466,64.4668961,46.98224453,60.0134108,
Uruguay,URY,Market capitalization of listed domestic companies (% of GDP),CM.MKT.LCAP.GD.ZS,,,,,,,,,,,,,,,,,,,,,,,,,,,,,,,,,,,,6.738847048,1.383341399,,,,,,,,,,,,,,,,,,,,,,,,
United States,USA,Market capitalization of listed domestic companies (% of GDP),CM.MKT.LCAP.GD.ZS,,,,,,,,,,,,,,,,,,,,,47.59018894,39.3995682,43.5692922,49.78028298,39.68086342,53.02763392,55.41805006,52.14532621,53.08839138,59.95188582,51.87613279,67.54641223,69.71803715,76.56243287,70.50327257,90.99809431,105.0460652,125.5619309,142.5889796,153.4409994,147.3589732,132.1480062,101.0790639,124.5065632,133.6506331,130.4083274,141.6541654,137.852717,78.77659624,104.3487828,115.2840908,100.6313362,115.2579165,143.1937412,150.2273251,137.5470295,146.1515276,164.5582285,147.8915294,,
Uzbekistan,UZB,Market capitalization of listed domestic companies (% of GDP),CM.MKT.LCAP.GD.ZS,,,,,,,,,,,,,,,,,,,,,,,,,,,,,,,,,,,,,,,,,,,,,,,,,,,,,,,,,,,,,
St. Vincent and the Grenadines,VCT,Market capitalization of listed domestic companies (% of GDP),CM.MKT.LCAP.GD.ZS,,,,,,,,,,,,,,,,,,,,,,,,,,,,,,,,,,,,,,,,,,,,,,,,,,,,,,,,,,,,,
"Venezuela, RB",VEN,Market capitalization of listed domestic companies (% of GDP),CM.MKT.LCAP.GD.ZS,,,,,,,,,,,,,,,,,,,,,,,,,,,,,,,,,,12.98709493,8.435488657,5.535700644,14.26566758,16.98507648,8.299923482,7.607661649,6.91476009,5.057444845,4.284041662,,,,,,,,,,,,,,,,,,
British Virgin Islands,VGB,Market capitalization of listed domestic companies (% of GDP),CM.MKT.LCAP.GD.ZS,,,,,,,,,,,,,,,,,,,,,,,,,,,,,,,,,,,,,,,,,,,,,,,,,,,,,,,,,,,,,
Virgin Islands (U.S.),VIR,Market capitalization of listed domestic companies (% of GDP),CM.MKT.LCAP.GD.ZS,,,,,,,,,,,,,,,,,,,,,,,,,,,,,,,,,,,,,,,,,,,,,,,,,,,,,,,,,,,,,
Vietnam,VNM,Market capitalization of listed domestic companies (% of GDP),CM.MKT.LCAP.GD.ZS,,,,,,,,,,,,,,,,,,,,,,,,,,,,,,,,,,,,,,,,,,,,,,,,,12.47432946,31.4174488,31.79024589,19.15429271,23.55644224,26.35608839,28.15541248,30.39416942,35.67009112,55.99678345,54.09689873,57.19936162,
Vanuatu,VUT,Market capitalization of listed domestic companies (% of GDP),CM.MKT.LCAP.GD.ZS,,,,,,,,,,,,,,,,,,,,,,,,,,,,,,,,,,,,,,,,,,,,,,,,,,,,,,,,,,,,,
World,WLD,Market capitalization of listed domestic companies (% of GDP),CM.MKT.LCAP.GD.ZS,,,,,,,,,,,,,,,,,,,,,30.84662916,28.62704311,32.14233099,38.3151156,35.73857509,48.40913613,55.02071244,57.83961746,62.33317359,71.97310432,53.02960993,59.33489437,52.59483949,63.96867898,62.80598553,66.01615157,74.7918365,83.36968354,97.41912908,116.1629263,102.7626538,89.87708723,73.51754849,85.05002835,89.56784937,92.39800256,105.8798577,113.6635459,55.9057208,84.41731967,88.38369933,68.42233307,77.90605072,89.02683571,91.64173293,94.73437173,97.14479157,111.2260204,91.90325501,,
Samoa,WSM,Market capitalization of listed domestic companies (% of GDP),CM.MKT.LCAP.GD.ZS,,,,,,,,,,,,,,,,,,,,,,,,,,,,,,,,,,,,,,,,,,,,,,,,,,,,,,,,,,,,,
Kosovo,XKX,Market capitalization of listed domestic companies (% of GDP),CM.MKT.LCAP.GD.ZS,,,,,,,,,,,,,,,,,,,,,,,,,,,,,,,,,,,,,,,,,,,,,,,,,,,,,,,,,,,,,
"Yemen, Rep.",YEM,Market capitalization of listed domestic companies (% of GDP),CM.MKT.LCAP.GD.ZS,,,,,,,,,,,,,,,,,,,,,,,,,,,,,,,,,,,,,,,,,,,,,,,,,,,,,,,,,,,,,
South Africa,ZAF,Market capitalization of listed domestic companies (% of GDP),CM.MKT.LCAP.GD.ZS,,,,,,,,,,,,,,,,63.23239955,53.82187701,59.20133039,66.20704785,77.1338431,67.28084451,87.59787915,99.26672105,94.6695121,69.02704265,93.82947533,152.0281304,156.6925784,132.5842021,146.8613871,118.4473714,149.0241957,121.9267403,161.641495,185.7021454,178.430287,163.6591045,150.7593838,122.32688,190.1009502,149.8231484,121.3611029,157.5984218,148.7805871,193.5866166,213.0987055,261.8304694,276.6006789,168.3231334,269.998391,246.4389298,189.4815959,229.0306084,257.0165135,266.1494793,231.705799,321.0045388,352.156399,234.9589023,300.5823301,
Zambia,ZMB,Market capitalization of listed domestic companies (% of GDP),CM.MKT.LCAP.GD.ZS,,,,,,,,,,,,,,,,,,,,,,,,,,,,,,,,,,,,11.24119923,6.033824508,11.66017026,8.079581926,8.035103771,,7.326935963,,15.41564069,26.52241438,30.20594355,23.14488248,,,,,13.57432139,,,,,,,,,
Zimbabwe,ZWE,Market capitalization of listed domestic companies (% of GDP),CM.MKT.LCAP.GD.ZS,,,,,,,,,,,,,,,,,,,,,,,,,,,,,,,,,,21.90647318,24.45478854,29.95385902,42.47629755,22.6173141,14.93431348,35.88050889,,,,,,,,,,,,,,,,,,,,,
