country,rating,action_date,rating_numerical
El Salvador,B3,5-Feb-21,25
Morocco,Ba1,4-Feb-21,50
Gabon,Caa1,4-Dec-20,20
Namibia,Ba3,4-Dec-20,40
Colombia,Baa2,3-Dec-20,60
Kyrgyz Republic,B2,26-Nov-20,30
Belize,Caa3,24-Nov-20,10
South Africa,Ba2,20-Nov-20,45
El Salvador,B3,16-Nov-20,25
Croatia,Ba1,13-Nov-20,50
Guatemala,Ba1,10-Nov-20,50
Greece,Ba3,6-Nov-20,40
Isle of Man,Aa3,23-Oct-20,85
Panama,Baa1,20-Oct-20,65
United Kingdom,Aa3,16-Oct-20,85
Rwanda,B2,13-Oct-20,30
Bulgaria,Baa1,9-Oct-20,65
Tunisia,B2,6-Oct-20,30
Slovenia,A3,2-Oct-20,70
Argentina,Ca,28-Sep-20,5
Sri Lanka,Caa1,28-Sep-20,20
Hungary,Baa3,25-Sep-20,55
Bolivia,B2,22-Sep-20,30
Kuwait,A1,22-Sep-20,80
Turkey,B2,11-Sep-20,30
Angola,Caa1,8-Sep-20,20
Mali,Caa1,8-Sep-20,20
Chile,A1,25-Aug-20,80
Tanzania,B2,21-Aug-20,30
Laos,Caa2,14-Aug-20,15
Cameroon,B2,7-Aug-20,30
Cote d'Ivoire,Ba3,7-Aug-20,40
Ethiopia,B2,7-Aug-20,30
Pakistan,B3,7-Aug-20,25
Senegal,Ba3,7-Aug-20,40
Lebanon,C,27-Jul-20,15
eSwatini,B3,20-Jul-20,25
Suriname,Caa3,7-Jul-20,10
Fiji,Ba3,29-Jun-20,40
Bahamas,Ba2,25-Jun-20,45
Oman,Ba3,23-Jun-20,40
Laos,B3,19-Jun-20,25
Cote d'Ivoire,Ba3,12-Jun-20,40
Senegal,Ba3,12-Jun-20,40
Ukraine,B3,12-Jun-20,25
Costa Rica,B2,2-Jun-20,30
India,Baa3,1-Jun-20,55
Botswana,A2,29-May-20,75
Cameroon,B2,27-May-20,30
Namibia,Ba2,22-May-20,45
Trinidad and Tobago,Ba1,22-May-20,50
Maldives,B3,21-May-20,25
Pakistan,B3,14-May-20,25
Belize,Caa1,12-May-20,20
Mongolia,B3,8-May-20,25
Ethiopia,B2,7-May-20,30
Kenya,B2,7-May-20,30
Saudi Arabia,A1,1-May-20,80
Israel,A1,24-Apr-20,80
Romania,Baa3,24-Apr-20,55
Thailand,Baa1,24-Apr-20,65
Ghana,B3,17-Apr-20,25
Mexico,Baa1,17-Apr-20,65
Sri Lanka,B2,17-Apr-20,30
Tunisia,B2,17-Apr-20,30
Suriname,B3,14-Apr-20,25
Bahamas,Baa3,9-Apr-20,55
Angola,B3,3-Apr-20,25
Argentina,Ca,3-Apr-20,5
Ecuador,Caa3,3-Apr-20,10
Zambia,Ca,3-Apr-20,5
Mauritius,Baa1,1-Apr-20,65
Kuwait,Aa2,30-Mar-20,90
Oman,Ba2,30-Mar-20,45
South Africa,Ba1,27-Mar-20,50
El Salvador,B3,12-Mar-20,25
Bolivia,B1,10-Mar-20,35
Montenegro,B1,6-Mar-20,35
Oman,Ba2,5-Mar-20,45
France,Aa2,21-Feb-20,90
Lebanon,Ca,21-Feb-20,5
Sharjah,Baa2,18-Feb-20,60
Nicaragua,B3,14-Feb-20,25
Tunisia,B2,14-Feb-20,30
Costa Rica,B2,10-Feb-20,30
Ecuador,Caa1,6-Feb-20,20
Ghana,B3,24-Jan-20,25
Hong Kong,Aa3,20-Jan-20,85
Laos,B3,8-Jan-20,25
Vietnam,Ba3,18-Dec-19,40
Jamaica,B2,11-Dec-19,30
Namibia,Ba2,6-Dec-19,45
Bolivia,Ba3,5-Dec-19,40
Nigeria,B2,4-Dec-19,30
Pakistan,B3,2-Dec-19,25
Ukraine,Caa1,22-Nov-19,20
Isle of Man,Aa2,15-Nov-19,90
Iceland,A2,8-Nov-19,75
United Kingdom,Aa2,8-Nov-19,90
India,Baa2,7-Nov-19,60
Lebanon,Caa2,5-Nov-19,15
South Africa,Baa3,1-Nov-19,55
Vietnam,Ba3,11-Oct-19,40
Czech Republic,Aa3,4-Oct-19,85
Lebanon,Caa1,4-Oct-19,20
Slovakia,A2,27-Sep-19,75
Cyprus,Ba2,20-Sep-19,45
Ethiopia,B1,20-Sep-19,35
Mozambique,Caa2,20-Sep-19,15
Hong Kong,Aa2,16-Sep-19,90
Serbia,Ba3,6-Sep-19,40
Argentina,Caa2,30-Aug-19,15
Bulgaria,Baa2,30-Aug-19,60
Armenia,Ba3,27-Aug-19,40
Lithuania,A3,23-Aug-19,70
Kazakhstan,Baa3,22-Aug-19,55
Portugal,Baa3,9-Aug-19,55
Niger,B3,6-Aug-19,25
Thailand,Baa1,25-Jul-19,65
Malta,A2,19-Jul-19,75
Sharjah,A3,18-Jul-19,70
Argentina,B2,12-Jul-19,30
Barbados,Caa1,2-Jul-19,20
Benin,B2,18-Jun-19,30
Democratic Republic of the Congo,Caa1,18-Jun-19,20
Cameroon,B2,14-Jun-19,30
Gabon,Caa1,14-Jun-19,20
Turkey,B1,14-Jun-19,35
Sint Maarten,Baa3,7-Jun-19,55
Mexico,A3,5-Jun-19,70
Togo,B3,5-Jun-19,25
Colombia,Baa2,23-May-19,60
Zambia,Caa2,23-May-19,15
Croatia,Ba2,26-Apr-19,45
Slovenia,Baa1,26-Apr-19,65
Egypt,B2,17-Apr-19,30
Benin [2],B2,15-Mar-19,30
Panama,Baa1,8-Mar-19,65
Oman,Ba1,5-Mar-19,50
Greece,B1,1-Mar-19,35
Suriname,B2,28-Feb-19,30
Mali,B3,26-Feb-19,25
Bahamas,Baa3,21-Feb-19,55
Mozambique,Caa3,15-Feb-19,10
Papua New Guinea,B2,15-Feb-19,30
Uzbekistan,B1,13-Feb-19,35
Russia,Baa3,8-Feb-19,55
Nicaragua,B2,25-Jan-19,30
Lebanon,Caa1,21-Jan-19,20
Ukraine,Caa1,21-Dec-18,20
Bahrain,B2,17-Dec-18,30
Lebanon,B3,13-Dec-18,25
Ecuador,B3,12-Dec-18,25
Tajikistan,B3,10-Dec-18,25
Costa Rica,B1,5-Dec-18,35
Morocco,Ba1,20-Nov-18,50
Sri Lanka,B2,20-Nov-18,30
Italy,Baa3,19-Oct-18,55
Costa Rica,Ba2,18-Oct-18,45
Tunisia,B2,16-Oct-18,30
Portugal,Baa3,12-Oct-18,55
Republic of the Congo,Caa2,12-Oct-18,15
Montenegro,B1,21-Sep-18,35
Egypt,B3,28-Aug-18,25
Turkey,Ba3,17-Aug-18,40
Vietnam,Ba3,10-Aug-18,40
Bahrain,B2,3-Aug-18,30
Cyprus,Ba2,27-Jul-18,45
Zambia,Caa1,27-Jul-18,20
Chile,A1,26-Jul-18,80
Maldives,B2,25-Jul-18,30
Iceland,A3,20-Jul-18,70
Israel,A1,20-Jul-18,80
Jamaica,B3,20-Jul-18,25
Qatar,Aa3,13-Jul-18,85
Pakistan,B3,20-Jun-18,25
Nicaragua,B2,13-Jun-18,30
Gabon,Caa1,8-Jun-18,20
Cameroon,B2,7-Jun-18,30
Turkey,Ba2,1-Jun-18,45
Italy,Baa2,25-May-18,60
France,Aa2,4-May-18,90
Angola,B3,27-Apr-18,25
Czech Republic,A1,20-Apr-18,80
Indonesia,Baa2,13-Apr-18,60
Spain,Baa1,13-Apr-18,65
Mexico,A3,11-Apr-18,70
Brazil,Ba2,9-Apr-18,45
Papua New Guinea,B2,23-Mar-18,30
South Africa,Baa3,23-Mar-18,55
Belarus,B3,16-Mar-18,25
Oman,Baa3,16-Mar-18,55
Tunisia,B2,14-Mar-18,30
Armenia,B1,9-Mar-18,35
Venezuela,C,9-Mar-18,15
Sint Maarten,Baa2,8-Mar-18,60
Turkey,Ba2,7-Mar-18,45
Tanzania,B1,2-Mar-18,35
El Salvador,B3,23-Feb-18,25
Malta,A3,23-Feb-18,70
Colombia,Baa2,22-Feb-18,60
Greece,B3,21-Feb-18,25
Suriname,B2,20-Feb-18,30
Kenya,B2,13-Feb-18,30
Angola,B2,7-Feb-18,30
Zambia,B3,26-Jan-18,25
Russia,Ba1,25-Jan-18,50
Mongolia,B3,18-Jan-18,25
Democratic Republic of the Congo,B3,8-Dec-17,25
Argentina,B2,29-Nov-17,30
South Africa,Baa3,24-Nov-17,55
Suriname,B1,22-Nov-17,35
India,Baa2,16-Nov-17,60
Cuba,Caa2,8-Nov-17,15
Nigeria,B2,7-Nov-17,30
eSwatini,B2,27-Oct-17,30
Angola,B2,20-Oct-17,30
Kenya,B1,2-Oct-17,35
Isle of Man,Aa2,29-Sep-17,90
Montenegro,B1,29-Sep-17,35
Panama,Baa2,29-Sep-17,60
Honduras,B1,22-Sep-17,35
United Kingdom,Aa2,22-Sep-17,90
Sint Maarten,Baa2,21-Sep-17,60
Ireland,A2,15-Sep-17,75
Georgia,Ba2,11-Sep-17,45
Slovenia,Baa1,8-Sep-17,65
Fiji,Ba3,6-Sep-17,40
Portugal,Ba1,1-Sep-17,50
Tajikistan,B3,28-Aug-17,25
Bahamas,Baa3,25-Aug-17,55
Lebanon,B3,25-Aug-17,25
Ukraine,Caa2,25-Aug-17,15
Chile,Aa3,24-Aug-17,85
Azerbaijan,Ba2,18-Aug-17,45
Tunisia,B1,18-Aug-17,35
Namibia,Ba1,11-Aug-17,50
Iraq,Caa1,3-Aug-17,20
Bolivia,Ba3,1-Aug-17,40
Bahrain,B1,28-Jul-17,35
Cyprus,Ba3,28-Jul-17,40
Oman,Baa2,28-Jul-17,60
Republic of the Congo,Caa2,28-Jul-17,15
Kazakhstan,Baa3,26-Jul-17,55
Dominican Republic,Ba3,20-Jul-17,40
Nicaragua,B2,20-Jul-17,30
Cayman Islands,Aa3,17-Jul-17,85
Uruguay,Baa2,13-Jul-17,60
Bahamas,Baa3,6-Jul-17,55
Qatar,Aa3,4-Jul-17,85
Gabon,B3,3-Jul-17,25
Greece,Caa2,23-Jun-17,15
South Africa,Baa3,9-Jun-17,55
United Arab Emirates,Aa2,27-May-17,90
Brazil,Ba2,26-May-17,45
Kuwait,Aa2,26-May-17,90
Qatar,Aa3,26-May-17,85
Abu Dhabi,Aa2,25-May-17,90
China,A1,24-May-17,80
Hong Kong,Aa2,24-May-17,90
Macao,Aa3,24-May-17,85
Azerbaijan,Ba1,19-May-17,50
Poland,A2,12-May-17,75
Vietnam,B1,28-Apr-17,35
Trinidad and Tobago,Ba1,25-Apr-17,50
Romania,Baa3,21-Apr-17,55
El Salvador,Caa1,13-Apr-17,20
Senegal,Ba3,13-Apr-17,40
Belize,B3,11-Apr-17,25
Slovakia,A2,7-Apr-17,75
South Africa,Baa2,3-Apr-17,60
Mongolia,Caa1,30-Mar-17,20
Serbia,Ba3,17-Mar-17,40
Turkey,Ba1,17-Mar-17,50
Brazil,Ba2,15-Mar-17,45
Croatia,Ba2,10-Mar-17,45
Barbados,Caa3,9-Mar-17,10
Argentina,B3,6-Mar-17,25
Morocco,Ba1,24-Feb-17,50
Russia,Ba1,17-Feb-17,50
Mongolia,Caa1,15-Feb-17,20
Costa Rica,Ba2,9-Feb-17,45
Indonesia,Baa3,8-Feb-17,55
Moldova,B3,13-Jan-17,25
Italy,Baa2,7-Dec-16,60
Namibia,Baa3,2-Dec-16,55
Tunisia,Ba3,22-Nov-16,40
Jamaica,B3,21-Nov-16,25
Mongolia,Caa1,18-Nov-16,20
Uganda,B2,18-Nov-16,30
Cyprus,B1,11-Nov-16,35
El Salvador,B3,7-Nov-16,25
Hungary,Baa3,4-Nov-16,55
Republic of the Congo,B3,4-Oct-16,25
Ghana,B3,23-Sep-16,25
Turkey,Ba1,23-Sep-16,50
Slovenia,Baa3,16-Sep-16,55
Maldives,B2,2-Sep-16,30
Iceland,A3,1-Sep-16,70
Mongolia,B3,26-Aug-16,25
Bahamas,Baa3,22-Aug-16,55
Rwanda,B2,12-Aug-16,30
El Salvador,B1,11-Aug-16,35
Cameroon,B2,5-Aug-16,30
Republic of the Congo,B3,1-Aug-16,25
Turkey,Baa3,18-Jul-16,55
Mozambique,Caa3,8-Jul-16,10
Bahamas,Baa2,1-Jul-16,60
Guatemala,Ba1,30-Jun-16,50
Dominican Republic,B1,29-Jun-16,35
Isle of Man,Aa1,29-Jun-16,95
Austria,Aa1,24-Jun-16,95
United Kingdom,Aa1,24-Jun-16,95
Uruguay,Baa2,22-Jun-16,60
Sri Lanka,B1,20-Jun-16,35
Belarus,Caa1,17-Jun-16,20
Bolivia,Ba3,10-Jun-16,40
Iceland,Baa2,10-Jun-16,60
Bermuda,A2,3-Jun-16,75
Finland,Aa1,3-Jun-16,95
Macao,Aa3,25-May-16,85
Honduras,B2,24-May-16,30
Mozambique,Caa1,20-May-16,20
Suriname,B1,20-May-16,35
St. Vincent & the Grenadines,B3,19-May-16,25
Abu Dhabi,Aa2,14-May-16,90
Bahrain,Ba2,14-May-16,45
Ireland,A3,14-May-16,70
Kuwait,Aa2,14-May-16,90
Montenegro,B1,14-May-16,35
Oman,Baa1,14-May-16,65
Poland,A2,14-May-16,75
Qatar,Aa2,14-May-16,90
Saudi Arabia,A1,14-May-16,80
United Arab Emirates,Aa2,14-May-16,90
Fiji,B1,6-May-16,35
South Africa,Baa2,6-May-16,60
Angola,B1,29-Apr-16,35
Azerbaijan,Ba1,29-Apr-16,50
Gabon,B1,29-Apr-16,35
Nigeria,B1,29-Apr-16,35
Republic of the Congo,B2,29-Apr-16,30
Papua New Guinea,B2,25-Apr-16,30
Kazakhstan,Baa3,22-Apr-16,55
Russia,Ba1,22-Apr-16,50
Zambia,B3,19-Apr-16,25
Argentina,B3,15-Apr-16,25
Mozambique,Caa1,15-Apr-16,20
Trinidad and Tobago,Baa3,15-Apr-16,55
Sint Maarten,Baa2,4-Apr-16,60
Barbados,Caa1,1-Apr-16,20
Mexico,A3,31-Mar-16,70
Armenia,B1,18-Mar-16,35
Serbia,B1,18-Mar-16,35
Mozambique,B3,15-Mar-16,25
Hong Kong,Aa1,12-Mar-16,95
Croatia,Ba2,11-Mar-16,45
Georgia,Ba3,11-Mar-16,40
Macao,Aa2,11-Mar-16,90
South Africa,Baa2,8-Mar-16,60
Abu Dhabi,Aa2,4-Mar-16,90
Angola,Ba2,4-Mar-16,45
Bahrain,Ba1,4-Mar-16,50
Gabon,Ba3,4-Mar-16,40
Kazakhstan,Baa2,4-Mar-16,60
Kuwait,Aa2,4-Mar-16,90
Nigeria,Ba3,4-Mar-16,40
Qatar,Aa2,4-Mar-16,90
Republic of the Congo,B1,4-Mar-16,35
Russia,Ba1,4-Mar-16,50
Saudi Arabia,Aa3,4-Mar-16,85
Trinidad and Tobago,Baa2,4-Mar-16,60
United Arab Emirates,Aa2,4-Mar-16,90
Venezuela,Caa3,4-Mar-16,10
China,Aa3,2-Mar-16,85
Oman,A3,26-Feb-16,70
Papua New Guinea,B1,25-Feb-16,35
Brazil,Ba2,24-Feb-16,45
Spain,Baa2,19-Feb-16,60
Kenya,B1,12-Feb-16,35
Costa Rica,Ba1,8-Feb-16,50
Azerbaijan,Ba1,5-Feb-16,50
Malaysia,A3,11-Jan-16,70
Korea,Aa2,18-Dec-15,90
Mozambique,B2,17-Dec-15,30
South Africa,Baa2,15-Dec-15,60
Romania,Baa3,11-Dec-15,55
Cuba,Caa2,10-Dec-15,15
Brazil,Baa3,9-Dec-15,55
Kyrgyz Republic,B2,9-Dec-15,30
Russia,Ba1,3-Dec-15,50
Solomon Islands,B3,26-Nov-15,25
Argentina,Caa1,24-Nov-15,20
Uganda,B1,20-Nov-15,35
El Salvador,Ba3,19-Nov-15,40
Ukraine,Caa3,19-Nov-15,10
Cyprus,B1,13-Nov-15,35
Republic of the Congo,Ba3,13-Nov-15,40
Hungary,Ba1,6-Nov-15,50
Cote d'Ivoire,Ba3,5-Nov-15,40
Argentina,Caa1,2-Nov-15,20
Austria,Aaa,23-Oct-15,100
Greece,Caa3,25-Sep-15,10
Zambia,B2,25-Sep-15,30
France,Aa2,18-Sep-15,90
Ireland,Baa1,11-Sep-15,65
Brazil,Baa3,11-Aug-15,55
Mozambique,B2,7-Aug-15,30
Moldova,B3,31-Jul-15,25
Nicaragua,B2,10-Jul-15,30
Greece,Caa3,1-Jul-15,10
Iceland,Baa2,29-Jun-15,60
Pakistan,B3,11-Jun-15,25
Finland,Aaa,5-Jun-15,100
Zambia,B1,29-May-15,35
Jamaica,Caa2,28-May-15,15
Guatemala,Ba1,26-May-15,50
Tunisia,Ba3,25-May-15,40
Papua New Guinea,B1,18-May-15,35
Honduras,B3,11-May-15,25
Lithuania,A3,8-May-15,70
Trinidad and Tobago,Baa2,30-Apr-15,60
Greece,Caa2,29-Apr-15,15
Belarus,Caa1,17-Apr-15,20
Bahrain,Baa3,16-Apr-15,55
Korea,Aa3,10-Apr-15,85
India,Baa3,9-Apr-15,55
Egypt,B3,7-Apr-15,25
Kazakhstan,Baa2,31-Mar-15,60
Pakistan,Caa1,25-Mar-15,20
Ukraine,Ca,24-Mar-15,5
Paraguay,Ba1,20-Mar-15,50
Ghana,B3,19-Mar-15,25
Angola,Ba2,3-Mar-15,45
Belarus,B3,23-Feb-15,25
Oman,A1,20-Feb-15,80
Russia,Ba1,20-Feb-15,50
Latvia,A3,13-Feb-15,70
Greece,Caa1,6-Feb-15,20
Slovenia,Baa3,23-Jan-15,55
Russia,Baa3,16-Jan-15,55
Armenia,Ba3,15-Jan-15,40
Venezuela,Caa3,13-Jan-15,10
Ecuador,B3,19-Dec-14,25
Lebanon,B2,16-Dec-14,30
Gabon,Ba3,12-Dec-14,40
Philippines,Baa2,11-Dec-14,60
Japan,A1,1-Dec-14,80
St. Vincent & the Grenadines,B3,21-Nov-14,25
Cyprus,B3,14-Nov-14,25
Hungary,Ba1,7-Nov-14,50
Senegal,B1,7-Nov-14,35
South Africa,Baa2,6-Nov-14,60
Montenegro,Ba3,31-Oct-14,40
Egypt,Caa1,20-Oct-14,20
Russia,Baa2,17-Oct-14,60
Costa Rica,Ba1,16-Sep-14,50
Brazil,Baa2,9-Sep-14,60
Lithuania,Baa1,5-Sep-14,65
Bahamas,Baa2,2-Sep-14,60
Morocco,Ba1,2-Sep-14,50
Georgia,Ba3,22-Aug-14,40
Angola,Ba2,8-Aug-14,45
Greece,Caa1,1-Aug-14,20
Argentina,Caa1,31-Jul-14,20
Vietnam,B1,29-Jul-14,35
Colombia,Baa2,28-Jul-14,60
Portugal,Ba1,25-Jul-14,50
Mongolia,B2,17-Jul-14,30
Pakistan,Caa1,14-Jul-14,20
Cote d'Ivoire,B1,8-Jul-14,35
Peru,A3,2-Jul-14,70
Ghana,B2,27-Jun-14,30
Russia,Baa1,27-Jun-14,65
Latvia,Baa1,13-Jun-14,65
Barbados,B3,2-Jun-14,25
Uruguay,Baa2,29-May-14,60
Mongolia,B1,26-May-14,35
Bermuda,A1,19-May-14,80
Ireland,Baa1,16-May-14,65
Ethiopia,B1,9-May-14,35
Portugal,Ba2,9-May-14,45
Romania,Baa3,25-Apr-14,55
Cuba,Caa2,23-Apr-14,15
Turkey,Baa3,11-Apr-14,55
Ukraine,Caa3,4-Apr-14,10
Russia,Baa1,28-Mar-14,65
Croatia,Ba1,21-Mar-14,50
Cyprus,Caa3,21-Mar-14,10
Argentina,Caa1,17-Mar-14,20
Belgium,Aa3,7-Mar-14,85
Netherlands,Aaa,7-Mar-14,100
Macao,Aa2,2-Mar-14,90
Austria,Aaa,28-Feb-14,100
Germany,Aaa,28-Feb-14,100
Luxembourg,Aaa,28-Feb-14,100
Honduras,B3,27-Feb-14,25
Spain,Baa2,21-Feb-14,60
Italy,Baa2,14-Feb-14,60
Suriname,Ba3,14-Feb-14,40
Jamaica,Caa3,12-Feb-14,10
Mexico,A3,5-Feb-14,70
Paraguay,Ba2,4-Feb-14,45
Ukraine,Caa2,31-Jan-14,15
Slovenia,Ba1,24-Jan-14,50
Ireland,Baa3,17-Jan-14,55
Sharjah,A3,8-Jan-14,70
Barbados,Ba3,20-Dec-13,40
Uganda,B1,20-Dec-13,35
Isle of Man,Aa1,16-Dec-13,95
Venezuela,Caa1,16-Dec-13,20
Ghana,B1,5-Dec-13,35
Spain,Baa3,4-Dec-13,55
Greece,Caa3,29-Nov-13,10
Tunisia,Ba3,25-Nov-13,40
Malaysia,A3,20-Nov-13,70
Portugal,Ba3,8-Nov-13,40
Republic of the Congo,Ba3,11-Oct-13,40
Malta,A3,4-Oct-13,70
Slovakia,A2,4-Oct-13,75
Philippines,Baa3,3-Oct-13,55
Brazil,Baa2,2-Oct-13,60
Costa Rica,Baa3,23-Sep-13,55
Ireland,Ba1,20-Sep-13,50
Mozambique,B1,20-Sep-13,35
Ukraine,Caa1,20-Sep-13,20
Bahrain,Baa2,18-Sep-13,60
Democratic Republic of the Congo,B3,6-Sep-13,25
Armenia,Ba2,20-Aug-13,45
Kazakhstan,Baa2,16-Aug-13,60
Isle of Man,Aaa,26-Jul-13,100
Philippines,Ba1,25-Jul-13,50
United States of America,Aaa,18-Jul-13,100
Serbia,B1,14-Jul-13,35
Colombia,Baa3,8-Jul-13,55
Sri Lanka,B1,2-Jul-13,35
Jordan,B1,26-Jun-13,35
Bahrain,Baa1,14-Jun-13,65
Tunisia,Ba2,29-May-13,45
Bermuda,Aa3,16-May-13,85
Turkey,Baa3,16-May-13,55
Lebanon,B1,14-May-13,35
Slovenia,Ba1,30-Apr-13,50
China,Aa3,16-Apr-13,85
Hong Kong,Aa1,16-Apr-13,95
Belize,Caa2,15-Apr-13,15
Bermuda,Aa2,3-Apr-13,90
Egypt,Caa1,21-Mar-13,20
Latvia,Baa2,15-Mar-13,60
Jamaica,Caa3,6-Mar-13,10
Tunisia,Ba1,28-Feb-13,50
Honduras,B2,26-Feb-13,30
United Kingdom,Aa1,22-Feb-13,95
Jamaica,B3,14-Feb-13,25
Fiji,B1,13-Feb-13,35
Egypt,B3,12-Feb-13,25
Morocco,Ba1,11-Feb-13,50
Iceland,Baa3,7-Feb-13,55
Croatia,Ba1,1-Feb-13,50
Egypt,B2,18-Jan-13,30
Venezuela,B2,15-Jan-13,30
Cyprus,Caa3,10-Jan-13,10
Paraguay,Ba3,8-Jan-13,40
Barbados,Ba1,20-Dec-12,50
Ghana,B1,20-Dec-12,35
Bahamas,Baa1,14-Dec-12,65
Ukraine,B3,5-Dec-12,25
France,Aa1,19-Nov-12,95
Cyprus,B3,16-Nov-12,25
Finland,Aaa,9-Nov-12,100
Kenya,B1,7-Nov-12,35
Nigeria,Ba3,7-Nov-12,40
Zambia,B1,7-Nov-12,35
El Salvador,Ba3,5-Nov-12,40
Sint Maarten,Baa1,5-Nov-12,65
Panama,Baa2,31-Oct-12,60
Philippines,Ba1,29-Oct-12,50
Spain,Baa3,16-Oct-12,55
St. Vincent & the Grenadines,B2,9-Oct-12,30
Cyprus,B3,8-Oct-12,25
Vietnam,B2,28-Sep-12,30
South Africa,Baa1,27-Sep-12,65
Argentina,B3,17-Sep-12,25
Ecuador,Caa1,13-Sep-12,20
Egypt,B2,12-Sep-12,30
Korea,Aa3,27-Aug-12,85
Angola,Ba3,22-Aug-12,40
Belize,Ca,21-Aug-12,5
Peru,Baa2,16-Aug-12,60
Suriname,Ba3,14-Aug-12,40
Slovenia,Baa2,2-Aug-12,60
Uruguay,Baa3,31-Jul-12,55
Germany,Aaa,23-Jul-12,100
Luxembourg,Aaa,23-Jul-12,100
Netherlands,Aaa,23-Jul-12,100
Italy,Baa2,13-Jul-12,60
Pakistan,Caa1,13-Jul-12,20
Bosnia and Herzegovina,B3,10-Jul-12,25
Romania,Baa3,29-Jun-12,55
Mauritius,Baa1,26-Jun-12,65
Turkey,Ba1,20-Jun-12,50
Cyprus,Ba3,13-Jun-12,40
Spain,Baa3,13-Jun-12,55
Bolivia,Ba3,8-Jun-12,40
Belize,Ca,1-Jun-12,5
Croatia,Baa3,31-May-12,55
Philippines,Ba2,29-May-12,45
Azerbaijan,Baa3,19-Apr-12,55
Bosnia and Herzegovina,B3,3-Apr-12,25
Korea,A1,2-Apr-12,80
Mauritius,Baa2,16-Mar-12,60
Cyprus,Ba1,13-Mar-12,50
Poland,A2,12-Mar-12,75
Greece,C,2-Mar-12,15
Netherlands,Aaa,19-Feb-12,100
Belize,Caa1,16-Feb-12,20
Austria,Aaa,13-Feb-12,100
France,Aaa,13-Feb-12,100
Italy,A3,13-Feb-12,70
Malta,A3,13-Feb-12,70
Portugal,Ba3,13-Feb-12,40
Slovakia,A2,13-Feb-12,75
Slovenia,A2,13-Feb-12,75
Spain,A3,13-Feb-12,70
United Kingdom,Aaa,13-Feb-12,100
Uruguay,Ba1,26-Jan-12,50
Indonesia,Baa3,18-Jan-12,55
Slovenia,A1,22-Dec-11,80
Egypt,B2,21-Dec-11,30
India,Baa3,20-Dec-11,55
Belgium,Aa3,16-Dec-11,85
Ukraine,B2,15-Dec-11,30
Botswana,A2,24-Nov-11,75
Hungary,Ba1,24-Nov-11,50
Armenia,Ba2,21-Nov-11,45
South Africa,A3,9-Nov-11,70
Belarus,B3,4-Nov-11,25
Cyprus,Baa3,4-Nov-11,55
Egypt,B1,27-Oct-11,35
Spain,A1,18-Oct-11,80
Belgium,Aa1,7-Oct-11,95
Italy,A2,4-Oct-11,75
Slovenia,Aa3,23-Sep-11,85
Namibia,Baa3,22-Sep-11,55
Malta,A2,6-Sep-11,75
Bahamas,A3,31-Aug-11,70
Japan,Aa3,24-Aug-11,85
Panama,Baa3,4-Aug-11,55
United States of America,Aaa,2-Aug-11,100
Spain,Aa2,29-Jul-11,90
Cyprus,Baa1,27-Jul-11,65
Greece,Ca,25-Jul-11,5
Bulgaria,Baa2,22-Jul-11,60
Belarus,B3,21-Jul-11,25
Sri Lanka,B1,18-Jul-11,35
United States of America,Aaa,13-Jul-11,100
Ireland,Ba1,12-Jul-11,50
Portugal,Ba2,5-Jul-11,45
Brazil,Baa2,20-Jun-11,60
Italy,Aa2,17-Jun-11,90
Philippines,Ba2,15-Jun-11,45
Barbados,Baa3,13-Jun-11,55
Latvia,Baa3,6-Jun-11,55
Angola,Ba3,3-Jun-11,40
Greece,Caa1,1-Jun-11,20
Colombia,Baa3,31-May-11,55
Japan,Aa2,31-May-11,90
Bahrain,Baa1,26-May-11,65
Bosnia and Herzegovina,B2,16-May-11,30
Cyprus,A2,16-May-11,75
Greece,B1,9-May-11,35
Ireland,Baa3,15-Apr-11,55
Bulgaria,Baa3,5-Apr-11,55
Portugal,Baa1,5-Apr-11,65
Montenegro,Ba3,30-Mar-11,40
Belarus,B2,29-Mar-11,30
El Salvador,Ba2,24-Mar-11,45
Peru,Baa3,21-Mar-11,55
Egypt,Ba3,16-Mar-11,40
Portugal,A3,15-Mar-11,70
Spain,Aa2,10-Mar-11,90
Senegal,B1,9-Mar-11,35
Azerbaijan,Ba1,8-Mar-11,50
Greece,B1,7-Mar-11,35
Angola,B1,28-Feb-11,35
Cyprus,A2,24-Feb-11,75
Bahrain,A3,23-Feb-11,70
Japan,Aa2,22-Feb-11,90
Jordan,Ba2,8-Feb-11,45
Ecuador,Caa2,1-Feb-11,15
Egypt,Ba2,31-Jan-11,45
Tunisia,Baa3,19-Jan-11,55
Indonesia,Ba1,17-Jan-11,50
Cyprus,Aa3,13-Jan-11,85
Philippines,Ba3,6-Jan-11,40
Portugal,A1,21-Dec-10,80
Ireland,Baa1,17-Dec-10,65
Greece,Ba1,16-Dec-10,50
Spain,Aa1,15-Dec-10,95
Vietnam,B1,15-Dec-10,35
Uruguay,Ba1,8-Dec-10,50
Hungary,Baa3,6-Dec-10,55
Bolivia,B1,2-Dec-10,35
Paraguay,B1,2-Dec-10,35
Indonesia,Ba2,1-Dec-10,45
China,Aa3,11-Nov-10,85
Isle of Man,Aaa,11-Nov-10,100
Hong Kong,Aa1,10-Nov-10,95
Thailand,Baa1,28-Oct-10,65
Ukraine,B2,11-Oct-10,30
China,A1,8-Oct-10,80
Hong Kong,Aa2,8-Oct-10,90
Georgia,Ba3,6-Oct-10,40
Ireland,Aa2,5-Oct-10,90
Turkey,Ba2,5-Oct-10,45
Spain,Aa1,30-Sep-10,95
Sri Lanka,B1,22-Sep-10,35
Colombia,Ba1,9-Sep-10,50
Costa Rica,Baa3,9-Sep-10,55
Bahrain,A3,23-Aug-10,70
Moldova,B3,12-Aug-10,25
Kuwait,Aa2,5-Aug-10,90
Iceland,Baa3,29-Jul-10,55
India,Baa3,26-Jul-10,55
Hungary,Baa1,23-Jul-10,65
Ireland,Aa2,19-Jul-10,90
Uruguay,Ba3,15-Jul-10,40
Portugal,A1,13-Jul-10,80
Spain,Aaa,30-Jun-10,100
Bolivia,B2,24-Jun-10,30
Paraguay,B3,24-Jun-10,25
Indonesia,Ba2,21-Jun-10,45
Chile,Aa3,16-Jun-10,85
Greece,Ba1,14-Jun-10,50
Panama,Baa3,9-Jun-10,55
Guatemala,Ba1,1-Jun-10,50
Nicaragua,B3,26-May-10,25
Angola,B1,19-May-10,35
Portugal,Aa2,5-May-10,90
Iceland,Baa3,23-Apr-10,55
Dominican Republic,B1,22-Apr-10,35
Greece,A3,22-Apr-10,70
Korea,A1,14-Apr-10,80
Lebanon,B1,13-Apr-10,35
Bangladesh,Ba3,12-Apr-10,40
Iceland,Baa3,6-Apr-10,55
Kazakhstan,Baa2,5-Apr-10,60
Estonia,A1,31-Mar-10,80
Latvia,Baa3,31-Mar-10,55
Lithuania,Baa1,31-Mar-10,65
Jamaica,B3,2-Mar-10,25
Botswana,A2,19-Feb-10,75
Oman,A1,18-Feb-10,80
Saudi Arabia,Aa3,15-Feb-10,85
Panama,Ba1,12-Feb-10,50
Jamaica,Caa1,22-Jan-10,20
Bulgaria,Baa3,21-Jan-10,55
Turkey,Ba2,8-Jan-10,45
Greece,A2,22-Dec-09,75
Lebanon,B2,18-Dec-09,30
Peru,Baa3,16-Dec-09,55
India,Baa3,15-Dec-09,55
Jamaica,Caa1,18-Nov-09,20
El Salvador,Ba1,15-Nov-09,50
Iceland,Baa3,11-Nov-09,55
China,A1,8-Nov-09,80
Hong Kong,Aa2,8-Nov-09,90
Mongolia,B1,30-Oct-09,35
Greece,A1,29-Oct-09,80
Portugal,Aa2,29-Oct-09,90
Isle of Man,Aaa,21-Oct-09,100
Bahamas,A3,14-Oct-09,70
Barbados,Baa3,13-Oct-09,55
Peru,Ba1,29-Sep-09,50
Bolivia,B2,28-Sep-09,30
Lithuania,Baa1,28-Sep-09,65
Ecuador,Caa3,24-Sep-09,10
Brazil,Baa3,22-Sep-09,55
Turkey,Ba3,18-Sep-09,40
Indonesia,Ba2,16-Sep-09,45
El Salvador,Baa3,14-Sep-09,55
Egypt,Ba1,19-Aug-09,50
Pakistan,B3,17-Aug-09,25
Philippines,Ba3,23-Jul-09,40
South Africa,A3,16-Jul-09,70
Brazil,Ba1,6-Jul-09,50
Ireland,Aa1,2-Jul-09,95
Azerbaijan,Ba1,19-Jun-09,50
Indonesia,Ba3,11-Jun-09,40
Mongolia,B1,10-Jun-09,35
Kuwait,Aa2,9-Jun-09,90
Japan,Aa2,18-May-09,90
Barbados,Baa2,14-May-09,60
Kazakhstan,Baa2,12-May-09,60
Ukraine,B2,12-May-09,30
Montenegro,Ba3,30-Apr-09,40
Bermuda,Aa2,29-Apr-09,90
Estonia,A1,23-Apr-09,80
Latvia,Baa3,23-Apr-09,55
Lithuania,A3,23-Apr-09,70
Fiji,B1,22-Apr-09,35
Croatia,Baa3,17-Apr-09,55
Ireland,Aaa,17-Apr-09,100
Lebanon,B2,1-Apr-09,30
Hungary,Baa1,31-Mar-09,65
Slovenia,Aa2,31-Mar-09,90
Slovakia,A1,27-Mar-09,80
Chile,A1,23-Mar-09,80
Kuwait,Aa2,19-Mar-09,90
Bermuda,Aa1,16-Mar-09,95
Botswana,A2,12-Mar-09,75
South Africa,Baa1,12-Mar-09,65
Jamaica,B2,4-Mar-09,30
Greece,A1,25-Feb-09,80
Ukraine,B1,24-Feb-09,35
Fiji,Ba2,18-Feb-09,45
Belize,B3,10-Feb-09,25
Estonia,A1,10-Feb-09,80
Lithuania,A2,10-Feb-09,75
Mongolia,B1,5-Feb-09,35
Ireland,Aaa,30-Jan-09,100
Venezuela,B2,15-Jan-09,30
Belgium,Aa1,13-Jan-09,95
Uruguay,Ba3,12-Jan-09,40
Latvia,Baa1,7-Jan-09,65
Bahrain,A2,6-Jan-09,75
Guatemala,Ba2,18-Dec-08,45
Montenegro,Ba2,18-Dec-08,45
Ecuador,Ca,16-Dec-08,5
Pakistan,B3,12-Dec-08,25
Russia,Baa1,12-Dec-08,65
Lebanon,B3,11-Dec-08,25
Czech Republic,A1,8-Dec-08,80
Iceland,Baa1,4-Dec-08,65
Thailand,Baa1,4-Dec-08,65
Chile,A2,20-Nov-08,75
Croatia,Baa3,19-Nov-08,55
Ecuador,Caa1,14-Nov-08,20
Estonia,A1,7-Nov-08,80
Hungary,A3,7-Nov-08,70
Latvia,A3,7-Nov-08,70
Lithuania,A2,7-Nov-08,75
Jamaica,B1,4-Nov-08,35
Pakistan,B3,28-Oct-08,25
Ukraine,B1,20-Oct-08,35
Iceland,A1,8-Oct-08,80
Iceland,Aa1,30-Sep-08,95
Bulgaria,Baa3,25-Sep-08,55
Latvia,A2,25-Sep-08,75
Pakistan,B2,23-Sep-08,30
Venezuela,B2,19-Sep-08,30
Peru,Ba1,19-Aug-08,50
Argentina,B3,14-Aug-08,25
Uruguay,B1,14-Aug-08,35
Costa Rica,Ba1,12-Aug-08,50
Ukraine,B1,8-Aug-08,35
Slovakia,A1,31-Jul-08,80
Azerbaijan,Ba1,30-Jul-08,50
Russia,Baa1,16-Jul-08,65
Japan,Aaa,30-Jun-08,100
Egypt,Ba1,23-Jun-08,50
Colombia,Ba1,19-Jun-08,50
Vietnam,Ba3,4-Jun-08,40
Pakistan,B2,21-May-08,30
Iceland,Aa1,20-May-08,95
Israel,A1,17-Apr-08,80
Paraguay,B3,9-Apr-08,25
Ukraine,B1,28-Mar-08,35
Russia,Baa2,27-Mar-08,60
Lebanon,B3,25-Mar-08,25
Ecuador,B3,21-Mar-08,25
Ecuador,B3,20-Mar-08,25
Israel,A2,13-Mar-08,75
Montenegro,Ba2,12-Mar-08,45
Iceland,Aaa,5-Mar-08,100
Philippines,B1,24-Jan-08,35
Cyprus,Aa3,3-Jan-08,85
Malta,A1,3-Jan-08,80
Mauritius,Baa2,14-Dec-07,60
St. Vincent & the Grenadines,B1,10-Dec-07,35
Paraguay,Caa1,28-Nov-07,20
Pakistan,B1,5-Nov-07,35
Indonesia,Ba3,18-Oct-07,40
Japan,Aaa,11-Oct-07,100
China,A1,22-Sep-07,80
Estonia,A1,12-Sep-07,80
Latvia,A2,12-Sep-07,75
Brazil,Ba1,23-Aug-07,50
Belarus,B1,22-Aug-07,35
Mauritius,Baa2,8-Aug-07,60
Botswana,A2,7-Aug-07,75
Indonesia,B1,1-Aug-07,35
China,A1,26-Jul-07,80
Hong Kong,Aa2,26-Jul-07,90
Macao,Aa3,26-Jul-07,85
Korea,A2,25-Jul-07,75
Qatar,Aa2,25-Jul-07,90
Bahrain,A2,24-Jul-07,75
Kuwait,Aa2,24-Jul-07,90
Oman,A2,24-Jul-07,75
Saudi Arabia,A1,24-Jul-07,80
Croatia,Baa3,18-Jul-07,55
Peru,Ba2,16-Jul-07,45
Abu Dhabi,Aa2,11-Jul-07,90
Cyprus,A1,10-Jul-07,80
Malta,A2,10-Jul-07,75
United Arab Emirates,Aa2,9-Jul-07,90
Japan,Aaa,4-Jul-07,100
Korea,A3,3-Jul-07,70
Albania,B1,29-Jun-07,35
Colombia,Ba2,25-Jun-07,45
South Africa,Baa1,5-Jun-07,65
China,A2,30-May-07,75
Hong Kong,Aa3,30-May-07,85
Macao,A1,30-May-07,80
Brazil,Ba2,24-May-07,45
Cambodia,B2,21-May-07,30
Cyprus,A2,17-May-07,75
Malta,A3,17-May-07,70
Dominican Republic,B2,2-May-07,30
Vietnam,Ba3,15-Mar-07,40
Peru,Ba3,8-Mar-07,40
Bulgaria,Baa3,23-Feb-07,55
Belize,Caa1,13-Feb-07,20
Indonesia,B1,5-Feb-07,35
Ecuador,Caa2,30-Jan-07,15
Argentina,B3,16-Jan-07,25
Greece,A1,11-Jan-07,80
Ecuador,Caa1,8-Jan-07,20
Jordan,Ba2,8-Jan-07,45
Hungary,A2,22-Dec-06,75
Uruguay,B1,21-Dec-06,35
Fiji,Ba2,6-Dec-06,45
Pakistan,B1,22-Nov-06,35
Lebanon,B3,21-Nov-06,25
Ukraine,B1,10-Nov-06,35
Pakistan,B2,8-Nov-06,30
Peru,Ba3,7-Nov-06,40
Philippines,B1,2-Nov-06,35
Dominican Republic,B3,18-Oct-06,25
Slovakia,A1,17-Oct-06,80
Romania,Baa3,6-Oct-06,55
Bahrain,A3,4-Oct-06,70
Kuwait,Aa3,4-Oct-06,85
Oman,A3,4-Oct-06,70
Qatar,Aa3,4-Oct-06,85
Saudi Arabia,A2,4-Oct-06,75
United Arab Emirates,Aa3,4-Oct-06,85
Hong Kong,Aa3,26-Sep-06,85
Hungary,A1,22-Sep-06,80
Azerbaijan,Ba1,14-Sep-06,50
Lithuania,A2,12-Sep-06,75
Uruguay,B3,12-Sep-06,25
Bahrain,Baa1,7-Sep-06,65
Kuwait,A2,7-Sep-06,75
Oman,Baa1,7-Sep-06,65
Qatar,A1,7-Sep-06,80
Saudi Arabia,A3,7-Sep-06,70
United Arab Emirates,A1,7-Sep-06,80
Brazil,Ba2,31-Aug-06,45
Brazil,Ba3,1-Aug-06,40
Slovenia,Aa2,26-Jul-06,90
Armenia,Ba2,24-Jul-06,45
Guatemala,Ba2,24-Jul-06,45
Trinidad and Tobago,Baa1,13-Jul-06,65
Chile,A2,7-Jul-06,75
China,A2,7-Jul-06,75
Hong Kong,A1,6-Jul-06,80
Macao,A1,6-Jul-06,80
Colombia,Ba2,29-Jun-06,45
Costa Rica,Ba1,27-Jun-06,50
Kazakhstan,Baa2,9-Jun-06,60
Romania,Ba1,7-Jun-06,50
Slovenia,Aa3,7-Jun-06,85
Japan,Aaa,1-Jun-06,100
Mauritius,Baa2,1-Jun-06,60
Indonesia,B1,18-May-06,35
Bosnia and Herzegovina,B2,17-May-06,30
Israel,A2,10-May-06,75
India,Baa3,4-May-06,55
Kazakhstan,Baa3,3-May-06,55
Korea,A3,25-Apr-06,70
Bosnia and Herzegovina,B3,11-Apr-06,25
Czech Republic,A1,30-Mar-06,80
Belgium,Aa1,28-Mar-06,95
Chile,Baa1,21-Mar-06,65
Colombia,Ba2,9-Mar-06,45
Cyprus,A2,9-Mar-06,75
Estonia,A1,9-Mar-06,80
Latvia,A2,9-Mar-06,75
Lithuania,A3,9-Mar-06,70
Malta,A3,9-Mar-06,70
Slovakia,A2,9-Mar-06,75
Slovenia,Aa3,9-Mar-06,85
Mauritius,Baa2,7-Mar-06,60
Bulgaria,Baa3,1-Mar-06,55
Indonesia,B2,26-Feb-06,30
Hungary,A1,22-Feb-06,80
Kuwait,A2,15-Feb-06,75
Jordan,Ba2,31-Jan-06,45
Ecuador,Caa1,30-Jan-06,20
Bulgaria,Ba1,21-Dec-05,50
Mauritius,Baa2,21-Dec-05,60
Turkey,Ba3,14-Dec-05,40
Saudi Arabia,A3,14-Nov-05,70
Belize,Caa3,26-Oct-05,10
Russia,Baa2,26-Oct-05,60
Russia,Baa2,25-Oct-05,60
Brazil,Ba3,12-Oct-05,40
Oman,Baa1,6-Oct-05,65
Mongolia,B1,4-Oct-05,35
Saudi Arabia,Baa2,3-Oct-05,60
Russia,Baa3,8-Sep-05,55
Trinidad and Tobago,Baa2,9-Aug-05,60
Philippines,B1,13-Jul-05,35
Vietnam,Ba3,6-Jul-05,40
Argentina,B3,29-Jun-05,25
Belize,B3,7-Jun-05,25
Dominican Republic,B3,24-May-05,25
Egypt,Ba1,18-May-05,50
Qatar,A1,18-May-05,80
Lebanon,B3,24-Mar-05,25
Romania,Ba1,2-Mar-05,50
Indonesia,B2,18-Feb-05,30
Ukraine,B1,17-Feb-05,35
Philippines,B1,16-Feb-05,35
Chile,Baa1,14-Feb-05,65
Turkey,B1,11-Feb-05,35
Pakistan,B2,20-Jan-05,30
Brazil,B1,12-Jan-05,35
Slovakia,A2,12-Jan-05,75
South Africa,Baa1,11-Jan-05,65
Mexico,Baa1,6-Jan-05,65
United Arab Emirates,A1,21-Dec-04,80
Malaysia,A3,16-Dec-04,70
Ukraine,B1,1-Dec-04,35
Bulgaria,Ba1,17-Nov-04,50
Uruguay,B3,10-Nov-04,25
Philippines,Ba2,8-Nov-04,45
South Africa,Baa2,14-Oct-04,60
Russia,Baa3,6-Oct-04,55
Slovakia,A3,6-Oct-04,70
Turkey,B1,30-Sep-04,35
Malaysia,Baa1,29-Sep-04,65
Brazil,B1,9-Sep-04,35
Ukraine,B1,8-Sep-04,35
Venezuela,B2,7-Sep-04,30
Bulgaria,Ba2,25-Aug-04,45
Belize,B2,5-Aug-04,30
Kazakhstan,Baa3,13-Jul-04,55
Belize,Ba3,18-Jun-04,40
Slovakia,A3,18-Jun-04,70
Korea,A3,11-Jun-04,70
Japan,Aaa,7-Apr-04,100
Bosnia and Herzegovina,B3,29-Mar-04,25
Ecuador,Caa1,24-Feb-04,20
Malaysia,Baa1,5-Feb-04,65
Suriname,B1,3-Feb-04,35
Dominican Republic,B3,30-Jan-04,25
Philippines,Ba2,27-Jan-04,45
India,Baa3,22-Jan-04,55
El Salvador,Baa3,18-Dec-03,55
Bahrain,Baa1,11-Dec-03,65
Lithuania,A3,11-Dec-03,70
Romania,Ba3,11-Dec-03,40
Thailand,Baa1,26-Nov-03,65
Philippines,Ba1,25-Nov-03,50
Argentina,Caa1,15-Nov-03,20
Australia,Aaa,15-Nov-03,100
Austria,Aaa,15-Nov-03,100
Bahamas,A3,15-Nov-03,70
Bahrain,Baa3,15-Nov-03,55
Barbados,Baa2,15-Nov-03,60
Belgium,Aa1,15-Nov-03,95
Belize,Ba3,15-Nov-03,40
Bermuda,Aa1,15-Nov-03,95
Bolivia,B3,15-Nov-03,25
Botswana,A2,15-Nov-03,75
Brazil,B2,15-Nov-03,30
Bulgaria,Ba2,15-Nov-03,45
Canada,Aaa,15-Nov-03,100
Cayman Islands,Aa3,15-Nov-03,85
Chile,Baa1,15-Nov-03,65
China,A2,15-Nov-03,75
Colombia,Ba2,15-Nov-03,45
Costa Rica,Ba1,15-Nov-03,50
Croatia,Baa3,15-Nov-03,55
Cuba,Caa1,15-Nov-03,20
Cyprus,A2,15-Nov-03,75
Czech Republic,A1,15-Nov-03,80
Denmark,Aaa,15-Nov-03,100
Dominican Republic,B2,15-Nov-03,30
Ecuador,Caa2,15-Nov-03,15
Egypt,Ba1,15-Nov-03,50
El Salvador,Baa3,15-Nov-03,55
Estonia,A1,15-Nov-03,80
Fiji,Ba2,15-Nov-03,45
Finland,Aaa,15-Nov-03,100
France,Aaa,15-Nov-03,100
Germany,Aaa,15-Nov-03,100
Greece,A1,15-Nov-03,80
Guatemala,Ba2,15-Nov-03,45
Honduras,B2,15-Nov-03,30
Hong Kong,A1,15-Nov-03,80
Hungary,A1,15-Nov-03,80
Iceland,Aaa,15-Nov-03,100
India,Ba1,15-Nov-03,50
Indonesia,B2,15-Nov-03,30
Ireland,Aaa,15-Nov-03,100
Isle of Man,Aaa,15-Nov-03,100
Israel,A2,15-Nov-03,75
Italy,Aa2,15-Nov-03,90
Jamaica,B1,15-Nov-03,35
Japan,Aa1,15-Nov-03,95
Jordan,Ba2,15-Nov-03,45
Kazakhstan,Baa3,15-Nov-03,55
Korea,A3,15-Nov-03,70
Kuwait,A2,15-Nov-03,75
Latvia,A2,15-Nov-03,75
Lebanon,B2,15-Nov-03,30
Lithuania,Baa1,15-Nov-03,65
Luxembourg,Aaa,15-Nov-03,100
Macao,A1,15-Nov-03,80
Malaysia,Baa1,15-Nov-03,65
Malta,A3,15-Nov-03,70
Mauritius,Baa2,15-Nov-03,60
Mexico,Baa2,15-Nov-03,60
Moldova,Caa1,15-Nov-03,20
Morocco,Ba1,15-Nov-03,50
Netherlands,Aaa,15-Nov-03,100
New Zealand,Aaa,15-Nov-03,100
Nicaragua,Caa1,15-Nov-03,20
Norway,Aaa,15-Nov-03,100
Oman,Baa2,15-Nov-03,60
Pakistan,B2,15-Nov-03,30
Panama,Ba1,15-Nov-03,50
Papua New Guinea,B1,15-Nov-03,35
Paraguay,Caa1,15-Nov-03,20
Peru,Ba3,15-Nov-03,40
Philippines,Ba1,15-Nov-03,50
Poland,A2,15-Nov-03,75
Portugal,Aa2,15-Nov-03,90
Qatar,A3,15-Nov-03,70
Romania,B1,15-Nov-03,35
Russia,Baa3,15-Nov-03,55
Saudi Arabia,Baa2,15-Nov-03,60
Singapore,Aaa,15-Nov-03,100
Slovakia,A3,15-Nov-03,70
Slovenia,Aa3,15-Nov-03,85
South Africa,Baa2,15-Nov-03,60
Spain,Aaa,15-Nov-03,100
Sweden,Aaa,15-Nov-03,100
Switzerland,Aaa,15-Nov-03,100
Taiwan,Aa3,15-Nov-03,85
Thailand,Baa3,15-Nov-03,55
Trinidad and Tobago,Baa3,15-Nov-03,55
Tunisia,Baa2,15-Nov-03,60
Turkey,B1,15-Nov-03,35
Turkmenistan,B2,15-Nov-03,30
Ukraine,B1,15-Nov-03,35
United Arab Emirates,A2,15-Nov-03,75
United Kingdom,Aaa,15-Nov-03,100
United States of America,Aaa,15-Nov-03,100
Uruguay,B3,15-Nov-03,25
Venezuela,Caa1,15-Nov-03,20
Vietnam,B1,15-Nov-03,35
Dominican Republic,B2,10-Nov-03,30
Ukraine,B1,10-Nov-03,35
Pakistan,B2,20-Oct-03,30
India,Ba1,16-Oct-03,50
China,A2,15-Oct-03,75
Hong Kong,A1,15-Oct-03,80
Macao,A1,15-Oct-03,80
Russia,Baa3,8-Oct-03,55
Dominican Republic,B1,7-Oct-03,35
El Salvador,Baa3,7-Oct-03,55
Thailand,Baa3,1-Oct-03,55
Indonesia,B2,29-Sep-03,30
Hong Kong,A3,21-Sep-03,70
Macao,A3,21-Sep-03,70
Jordan,Ba2,21-Aug-03,45
Argentina,Caa1,20-Aug-03,20
Lithuania,Baa1,19-Aug-03,65
Russia,Ba2,28-Jul-03,45
Ukraine,B2,28-Jul-03,30
Nicaragua,Caa1,30-Jun-03,20
Indonesia,B3,25-Jun-03,25
Saudi Arabia,Baa2,16-Jun-03,60
Bulgaria,Ba2,5-Jun-03,45
Belize,Ba3,28-May-03,40
Jamaica,B1,27-May-03,35
Uruguay,B3,9-May-03,25
Panama,Ba1,7-May-03,50
Moldova,Caa1,6-May-03,20
Paraguay,Caa1,28-Apr-03,20
Jamaica,Ba3,17-Apr-03,40
Tunisia,Baa2,17-Apr-03,60
Bolivia,B3,16-Apr-03,25
Macao,A3,9-Feb-03,70
India,Ba1,3-Feb-03,50
Venezuela,Caa1,21-Jan-03,20
Russia,Ba2,17-Dec-02,45
Romania,B1,16-Dec-02,35
Cuba,Caa1,27-Nov-02,20
India,Ba2,14-Nov-02,45
Czech Republic,A1,12-Nov-02,80
Estonia,A1,12-Nov-02,80
Latvia,A2,12-Nov-02,75
Lithuania,Baa1,12-Nov-02,65
Poland,A2,12-Nov-02,75
Slovakia,A3,12-Nov-02,70
Slovenia,Aa3,12-Nov-02,85
Greece,A1,4-Nov-02,80
Australia,Aaa,20-Oct-02,100
Iceland,Aaa,20-Oct-02,100
New Zealand,Aaa,20-Oct-02,100
Russia,Ba3,17-Oct-02,40
Malaysia,Baa1,24-Sep-02,65
Venezuela,B3,20-Sep-02,25
Kazakhstan,Baa3,19-Sep-02,55
Bahrain,Baa3,15-Aug-02,55
Qatar,A3,15-Aug-02,70
Brazil,B2,12-Aug-02,30
Uruguay,B3,31-Jul-02,25
Moldova,Ca,11-Jul-02,5
Uruguay,B1,10-Jul-02,35
Malaysia,Baa2,24-Jun-02,60
Singapore,Aaa,14-Jun-02,100
Japan,Aa1,30-May-02,95
Uruguay,Ba2,21-May-02,45
Italy,Aa2,15-May-02,90
Kuwait,A2,15-May-02,75
Canada,Aaa,3-May-02,100
Uruguay,Ba2,3-May-02,45
Sweden,Aaa,4-Apr-02,100
Uruguay,Baa3,4-Apr-02,55
Korea,A3,28-Mar-02,70
Pakistan,B3,13-Feb-02,25
Japan,Aa1,12-Feb-02,95
Korea,Baa2,6-Feb-02,60
Mexico,Baa2,6-Feb-02,60
Ukraine,B2,24-Jan-02,30
Kazakhstan,Ba2,14-Jan-02,45
Turkmenistan,B2,14-Jan-02,30
Argentina,Ca,20-Dec-01,5
Bulgaria,B1,19-Dec-01,35
Romania,B2,19-Dec-01,30
Spain,Aaa,13-Dec-01,100
Japan,Aa1,4-Dec-01,95
Argentina,Caa3,3-Dec-01,10
Morocco,Ba1,3-Dec-01,50
Ecuador,Caa2,30-Nov-01,15
Hungary,A1,29-Nov-01,80
Russia,Ba3,29-Nov-01,40
South Africa,Baa2,29-Nov-01,60
Ukraine,Caa1,20-Nov-01,20
Iran,B2,13-Nov-01,30
Slovakia,Baa3,13-Nov-01,55
Argentina,Caa3,12-Oct-01,10
South Africa,Baa3,12-Oct-01,55
Russia,B2,11-Oct-01,30
Spain,Aa2,19-Sep-01,90
Japan,Aa1,6-Sep-01,95
Dominican Republic,Ba2,29-Aug-01,45
Lebanon,B2,30-Jul-01,30
Argentina,Caa1,26-Jul-01,20
Argentina,B3,13-Jul-01,25
Moldova,Caa1,3-Jul-01,20
Kazakhstan,Ba2,18-Jun-01,45
Argentina,B2,4-Jun-01,30
Turkey,B1,6-Apr-01,35
Argentina,B2,28-Mar-01,30
Botswana,A2,12-Mar-01,75
Kazakhstan,B1,7-Mar-01,35
Turkey,B1,21-Dec-00,35
Hungary,A3,14-Nov-00,70
Slovenia,A2,14-Nov-00,75
Russia,B2,13-Nov-00,30
Malaysia,Baa2,17-Oct-00,60
Brazil,B1,16-Oct-00,35
Isle of Man,Aaa,3-Oct-00,100
Hungary,Baa1,13-Sep-00,65
Slovenia,A3,13-Sep-00,70
Japan,Aa1,8-Sep-00,95
Hong Kong,A3,23-Aug-00,70
Russia,B3,23-Aug-00,25
Brazil,B2,17-Aug-00,30
Turkey,B1,24-Jul-00,35
Fiji,Ba2,19-Jul-00,45
Malaysia,Baa3,12-Jul-00,55
Israel,A2,6-Jul-00,75
Mexico,Baa3,6-Jul-00,55
Thailand,Baa3,22-Jun-00,55
Canada,Aa1,21-Jun-00,95
Hong Kong,A3,31-May-00,70
Moldova,B3,19-Apr-00,25
Ukraine,Caa1,19-Apr-00,20
Israel,A3,18-Apr-00,70
Canada,Aa2,6-Apr-00,90
Trinidad and Tobago,Baa3,6-Apr-00,55
Thailand,Ba1,3-Apr-00,50
Mexico,Baa3,7-Mar-00,55
Japan,Aa1,17-Feb-00,95
Barbados,Baa2,8-Feb-00,60
Mexico,Ba1,2-Feb-00,50
Trinidad and Tobago,Ba1,11-Jan-00,50
Russia,B3,5-Jan-00,25
Ukraine,Caa1,5-Jan-00,20
Venezuela,B2,20-Dec-99,30
Brazil,B2,16-Dec-99,30
Korea,Baa2,16-Dec-99,60
Qatar,Baa2,15-Dec-99,60
Jordan,Ba3,24-Nov-99,40
Jordan,Ba3,1-Nov-99,40
Argentina,B1,6-Oct-99,35
Ecuador,Caa2,5-Oct-99,15
Poland,Baa1,2-Sep-99,65
Lebanon,B1,26-Aug-99,35
Denmark,Aaa,23-Aug-99,100
Korea,Baa3,23-Aug-99,55
Sweden,Aa1,23-Aug-99,95
Argentina,Ba3,20-Aug-99,40
Colombia,Ba2,11-Aug-99,45
Mexico,Ba1,10-Aug-99,50
Chile,Baa1,29-Jul-99,65
Australia,Aa2,26-Jul-99,90
Morocco,Ba1,22-Jul-99,50
Iran,B2,20-Jul-99,30
Cyprus,A2,19-Jul-99,75
Jordan,Ba3,16-Jul-99,40
Oman,Baa2,15-Jul-99,60
Greece,A2,14-Jul-99,75
Luxembourg,Aaa,13-Jul-99,100
Moldova,B2,13-Jul-99,30
Hungary,Baa1,25-Jun-99,65
Kazakhstan,B1,25-Jun-99,35
Pakistan,Caa1,25-Jun-99,20
Tunisia,Baa3,25-Jun-99,55
Mexico,Ba2,21-Jun-99,45
Colombia,Baa3,9-Jun-99,55
Cuba,Caa1,5-Apr-99,20
Fiji,Ba1,31-Mar-99,50
Bahrain,Ba1,30-Mar-99,50
Egypt,Ba1,4-Mar-99,50
Malta,A3,4-Mar-99,70
Croatia,Baa3,2-Mar-99,55
Latvia,Baa2,2-Mar-99,60
Romania,B3,22-Feb-99,25
Ukraine,B3,22-Feb-99,25
Bulgaria,B2,18-Feb-99,30
Estonia,Baa1,18-Feb-99,65
Kazakhstan,B1,18-Feb-99,35
Lithuania,Ba1,18-Feb-99,50
Slovakia,Ba1,18-Feb-99,50
Korea,Baa3,12-Feb-99,55
Argentina,Ba3,10-Feb-99,40
Mexico,Ba2,10-Feb-99,45
Papua New Guinea,B1,25-Jan-99,35
Belize,Ba2,21-Jan-99,45
Kuwait,Baa1,21-Jan-99,65
Mauritius,Baa2,15-Jan-99,60
Saudi Arabia,Baa3,12-Jan-99,55
Slovenia,A3,6-Jan-99,70
Papua New Guinea,B1,31-Dec-98,35
Colombia,Baa3,18-Dec-98,55
Korea,Ba1,18-Dec-98,50
Israel,A3,15-Dec-98,70
Korea,Ba1,4-Dec-98,50
Taiwan,Aa3,4-Dec-98,85
Hong Kong,A3,3-Dec-98,70
Malaysia,Baa3,3-Dec-98,55
Japan,Aa1,16-Nov-98,95
Bahamas,A3,12-Nov-98,70
Barbados,Ba1,10-Nov-98,50
Switzerland,Aaa,10-Nov-98,100
Bermuda,Aa1,9-Nov-98,95
Dominican Republic,B1,9-Nov-98,35
El Salvador,Baa3,9-Nov-98,55
Guatemala,Ba2,9-Nov-98,45
Peru,Ba3,9-Nov-98,40
Trinidad and Tobago,Ba1,9-Nov-98,50
Romania,B3,6-Nov-98,25
Pakistan,Caa1,23-Oct-98,20
Hong Kong,A3,22-Oct-98,70
Bolivia,B1,2-Oct-98,35
Costa Rica,Ba1,2-Oct-98,50
Ecuador,B3,2-Oct-98,25
South Africa,Baa3,2-Oct-98,55
Uruguay,Baa3,2-Oct-98,55
Kazakhstan,Ba3,1-Oct-98,40
Slovakia,Ba1,1-Oct-98,50
Colombia,Baa3,30-Sep-98,55
Honduras,B2,29-Sep-98,30
New Zealand,Aa2,23-Sep-98,90
Ecuador,B3,14-Sep-98,25
Malaysia,Baa3,14-Sep-98,55
Romania,B1,14-Sep-98,35
Ukraine,B3,9-Sep-98,25
Indonesia,B3,4-Sep-98,25
Macao,Baa1,4-Sep-98,65
Malaysia,Baa2,4-Sep-98,60
Philippines,Ba1,4-Sep-98,50
Singapore,Aa1,4-Sep-98,95
Thailand,Ba1,4-Sep-98,50
Argentina,Ba3,3-Sep-98,40
Brazil,B2,3-Sep-98,30
Hong Kong,A3,3-Sep-98,70
Mexico,Ba2,3-Sep-98,45
Venezuela,B2,3-Sep-98,30
Russia,B3,26-Aug-98,25
Russia,B3,21-Aug-98,25
Russia,B2,13-Aug-98,30
Romania,Ba3,7-Aug-98,40
Ukraine,B2,28-Jul-98,30
Japan,Aaa,23-Jul-98,100
Malaysia,Baa2,23-Jul-98,60
Venezuela,B1,22-Jul-98,35
South Africa,Baa3,17-Jul-98,55
Moldova,B2,14-Jul-98,30
Paraguay,B2,13-Jul-98,30
Vietnam,B1,9-Jul-98,35
Hungary,Baa2,22-Jun-98,60
Slovakia,Ba1,22-Jun-98,50
Brazil,B1,19-Jun-98,35
India,Ba2,19-Jun-98,45
Colombia,Baa3,18-Jun-98,55
Ecuador,B1,8-Jun-98,35
Malaysia,A2,4-Jun-98,75
New Zealand,Aa1,4-Jun-98,95
Sweden,Aa2,4-Jun-98,90
Czech Republic,Baa1,2-Jun-98,65
Poland,Baa3,2-Jun-98,55
Bolivia,B1,29-May-98,35
Russia,B1,29-May-98,35
Pakistan,B3,28-May-98,25
Sweden,Aa3,15-May-98,85
Hungary,Baa2,8-May-98,60
Moldova,Ba2,8-May-98,45
Venezuela,Ba2,8-May-98,45
Greece,Baa1,7-May-98,65
Netherlands,Aaa,5-May-98,100
Finland,Aaa,4-May-98,100
Ireland,Aaa,4-May-98,100
Portugal,Aa2,4-May-98,90
Jamaica,Ba3,30-Mar-98,40
Korea,Ba1,30-Mar-98,50
Slovakia,Ba1,30-Mar-98,50
Nicaragua,B2,27-Mar-98,30
Peru,Ba3,27-Mar-98,40
Malta,A3,25-Mar-98,70
Hungary,Baa3,20-Mar-98,55
Indonesia,B3,20-Mar-98,25
Finland,Aa1,18-Mar-98,95
Ireland,Aa1,18-Mar-98,95
Russia,Ba3,11-Mar-98,40
Greece,Baa1,20-Feb-98,65
Peru,B2,13-Feb-98,30
Ukraine,B2,6-Feb-98,30
Russia,Ba2,3-Feb-98,45
Malta,A2,22-Jan-98,75
Slovakia,Baa3,20-Jan-98,55
Indonesia,B2,9-Jan-98,30
Korea,Ba1,9-Jan-98,50
India,Baa3,8-Jan-98,55
Malaysia,A2,29-Dec-97,75
Indonesia,Ba1,21-Dec-97,50
Japan,Aaa,21-Dec-97,100
Korea,Ba1,21-Dec-97,50
Thailand,Ba1,21-Dec-97,50
Latvia,Baa2,17-Dec-97,60
Bulgaria,B2,16-Dec-97,30
Cayman Islands,Aa3,16-Dec-97,85
Isle of Man,Aaa,16-Dec-97,100
Lithuania,Ba1,16-Dec-97,50
United Arab Emirates,A2,11-Dec-97,75
Korea,Baa2,10-Dec-97,60
Turkmenistan,B2,4-Dec-97,30
Korea,A3,27-Nov-97,70
Thailand,Baa3,27-Nov-97,55
Egypt,Ba1,14-Nov-97,50
Macao,Baa1,3-Nov-97,65
Thailand,Baa1,23-Oct-97,65
Argentina,Ba3,2-Oct-97,40
Egypt,Ba2,1-Oct-97,45
Thailand,Baa1,1-Oct-97,65
Norway,Aaa,30-Sep-97,100
Estonia,Baa1,11-Sep-97,65
Thailand,A3,9-Sep-97,70
United Arab Emirates,Baa1,28-Aug-97,65
Korea,A1,5-Aug-97,80
Iceland,Aa3,30-Jul-97,85
Ecuador,B1,24-Jul-97,35
Guatemala,Ba2,8-Jul-97,45
El Salvador,Baa3,7-Jul-97,55
Iceland,A1,16-Jun-97,80
Uruguay,Baa3,10-Jun-97,55
Dominican Republic,B1,30-May-97,35
Philippines,Ba1,18-May-97,50
Costa Rica,Ba1,8-May-97,50
Barbados,Ba1,18-Apr-97,50
Vietnam,Ba3,17-Apr-97,40
Thailand,A3,8-Apr-97,70
Turkey,B1,13-Mar-97,35
Lebanon,B1,26-Feb-97,35
Barbados,Ba2,13-Feb-97,45
Ireland,Aa1,13-Feb-97,95
Thailand,A2,13-Feb-97,75
Portugal,Aa3,10-Feb-97,85
Spain,Aa2,31-Jan-97,90
Argentina,B1,28-Jan-97,35
Greece,Baa1,28-Jan-97,65
Belgium,Aa1,27-Jan-97,95
Bahamas,A3,24-Jan-97,70
Ireland,Aa2,24-Jan-97,90
Philippines,Ba2,23-Jan-97,45
Panama,Ba1,22-Jan-97,50
Croatia,Baa3,17-Jan-97,55
Finland,Aa1,15-Jan-97,95
Moldova,Ba2,14-Jan-97,45
Turkey,Ba3,9-Jan-97,40
Greece,Baa1,23-Dec-96,65
Hungary,Baa3,19-Dec-96,55
Kazakhstan,Ba3,11-Nov-96,40
Pakistan,B2,6-Nov-96,30
Greece,Baa3,4-Nov-96,55
Qatar,Baa2,4-Nov-96,60
Hungary,Ba1,14-Oct-96,50
Egypt,Ba2,9-Oct-96,45
Russia,Ba2,7-Oct-96,45
Bulgaria,B3,27-Sep-96,25
Pakistan,B1,23-Sep-96,35
Qatar,Ba1,23-Sep-96,50
Lithuania,Ba2,4-Sep-96,45
Italy,Aa3,3-Jul-96,85
Iceland,A1,24-Jun-96,80
Slovenia,A3,8-May-96,70
Italy,A1,1-May-96,80
Iceland,A2,10-Apr-96,75
Mauritius,Baa2,28-Mar-96,60
Romania,Ba3,6-Mar-96,40
Cyprus,A2,28-Feb-96,75
New Zealand,Aa1,26-Feb-96,95
Peru,B2,5-Feb-96,30
Bahrain,Ba1,29-Jan-96,50
Kuwait,Baa1,29-Jan-96,65
Oman,Baa2,29-Jan-96,60
Qatar,Ba1,29-Jan-96,50
Saudi Arabia,Baa3,29-Jan-96,55
United Arab Emirates,Baa1,29-Jan-96,65
Singapore,Aa1,18-Jan-96,95
New Zealand,Aa2,3-Jan-96,90
Israel,A3,2-Nov-95,70
Jordan,Ba3,27-Oct-95,40
New Zealand,Aa2,25-Oct-95,90
Trinidad and Tobago,Ba1,10-Oct-95,50
Argentina,B1,27-Sep-95,35
Colombia,Baa3,19-Sep-95,55
Czech Republic,Baa1,18-Sep-95,65
Norway,Aa1,11-Aug-95,95
Pakistan,B1,11-Jul-95,35
Chile,Baa1,29-Jun-95,65
Colombia,Ba1,6-Jun-95,50
Poland,Baa3,1-Jun-95,55
Argentina,B1,16-May-95,35
Slovakia,Baa3,15-May-95,55
Philippines,Ba2,12-May-95,45
Chile,Baa2,3-May-95,60
Czech Republic,Baa2,2-May-95,60
Canada,Aa2,12-Apr-95,90
Tunisia,Baa3,6-Apr-95,55
Malaysia,A1,15-Mar-95,80
Canada,Aa1,16-Feb-95,95
Malaysia,A2,20-Jan-95,75
South Africa,Baa3,20-Jan-95,55
Sweden,Aa3,18-Jan-95,85
Mexico,Ba2,6-Jan-95,45
Sweden,Aa3,5-Jan-95,85
Mexico,Ba2,23-Dec-94,45
India,Baa3,1-Dec-94,55
Brazil,B1,30-Nov-94,35
Pakistan,Ba3,23-Nov-94,40
Sweden,Aa2,8-Oct-94,90
Barbados,Ba2,5-Oct-94,45
Brazil,B2,5-Oct-94,30
South Africa,Baa3,3-Oct-94,55
India,Ba2,14-Sep-94,45
Ireland,Aa2,31-Aug-94,90
Ireland,Aa3,24-Jun-94,85
Bermuda,Aa1,10-Jun-94,95
Canada,Aa1,2-Jun-94,95
Turkey,Ba3,2-Jun-94,40
Czech Republic,Baa2,25-May-94,60
Greece,Baa3,24-May-94,55
Singapore,Aa2,24-May-94,90
Venezuela,Ba2,8-Apr-94,45
Taiwan,Aa3,24-Mar-94,85
New Zealand,Aa2,16-Mar-94,90
Indonesia,Baa3,14-Mar-94,55
Malta,A2,14-Mar-94,75
New Zealand,Aa3,22-Feb-94,85
Chile,Baa2,17-Feb-94,60
Venezuela,Ba1,7-Feb-94,50
Turkey,Ba1,13-Jan-94,50
Italy,A1,2-Nov-93,80
Uruguay,Ba1,15-Oct-93,50
China,A3,10-Sep-93,70
Colombia,Ba1,4-Aug-93,50
Philippines,Ba3,1-Jul-93,40
Mexico,Ba2,20-May-93,45
Japan,Aaa,7-May-93,100
Italy,A1,5-May-93,80
Canada,Aaa,3-May-93,100
Germany,Aaa,29-Apr-93,100
United Kingdom,Aaa,27-Apr-93,100
Malaysia,A2,11-Mar-93,75
Czech Republic,Baa3,10-Mar-93,55
Italy,Aa3,25-Feb-93,85
Trinidad and Tobago,Ba2,8-Feb-93,45
Sweden,Aa2,1-Feb-93,90
Ireland,Aa3,4-Sep-92,85
Italy,Aa3,13-Aug-92,85
Argentina,B1,13-Jul-92,35
Turkey,Baa3,5-May-92,55
Finland,Aa2,13-Jan-92,90
New Zealand,Aa3,4-Sep-91,85
Venezuela,Ba1,6-Aug-91,50
Italy,Aa1,1-Jul-91,95
India,Ba2,24-Jun-91,45
India,Baa3,26-Mar-91,55
Sweden,Aa1,17-Jan-91,95
Mexico,Ba2,18-Dec-90,45
Finland,Aa1,20-Oct-90,95
India,Baa1,4-Oct-90,65
Greece,Baa1,19-Jul-90,65
Hungary,Ba1,13-Jul-90,50
Korea,A1,4-Apr-90,80
Malaysia,A3,12-Mar-90,70
China,Baa1,8-Nov-89,65
Hong Kong,A3,8-Nov-89,70
Luxembourg,Aaa,20-Sep-89,100
Singapore,Aa3,20-Sep-89,85
Australia,Aa2,28-Aug-89,90
Thailand,A2,1-Aug-89,75
Hungary,Baa2,18-Jul-89,60
Argentina,B3,26-May-89,25
Iceland,A2,24-May-89,75
Brazil,B2,28-Mar-89,30
Hong Kong,A2,9-Nov-88,75
France,Aaa,28-Sep-88,100
China,A3,18-May-88,70
Belgium,Aa1,22-Mar-88,95
Spain,Aa2,3-Feb-88,90
India,A2,28-Jan-88,75
Argentina,B2,4-Dec-87,30
Brazil,B1,4-Dec-87,35
Venezuela,Ba3,4-Dec-87,40
Ireland,Aa3,15-Jul-87,85
Norway,Aa1,13-Jul-87,95
Venezuela,Ba2,3-Jun-87,45
Argentina,Ba3,18-Nov-86,40
Brazil,Ba1,18-Nov-86,50
Korea,A2,18-Nov-86,75
Portugal,A1,18-Nov-86,80
Denmark,Aa1,10-Nov-86,95
Italy,Aaa,10-Oct-86,100
Austria,Aaa,7-Oct-86,100
Australia,Aa1,10-Sep-86,95
Denmark,Aa1,15-Aug-86,95
New Zealand,Aa3,15-Aug-86,85
Denmark,Aa,8-Jul-86,
Germany,Aaa,9-Feb-86,100
Finland,Aaa,7-Feb-86,100
Malaysia,Baa1,18-Jan-86,65
Netherlands,Aaa,10-Jan-86,100
New Zealand,Aa,17-Oct-84,
Venezuela,Aa,4-Feb-83,
Switzerland,Aaa,20-Jan-82,100
Japan,Aaa,1-Oct-81,100
France,Aaa,23-Jan-79,100
Panama,Aa,27-Jun-78,
United Kingdom,Aaa,31-Mar-78,100
Norway,Aaa,12-Jan-78,100
Sweden,Aaa,10-Nov-77,100
Finland,Aa,19-Oct-77,
New Zealand,Aaa,29-Jun-77,100
Austria,Aaa,26-Jun-77,100
Venezuela,Aaa,29-Dec-76,100
New Zealand,Aa,10-Jul-75,
Australia,Aaa,15-Oct-74,100
Canada,Aaa,12-Apr-74,100
Canada,Aa,22-May-68,
Denmark,Aa,6-Sep-67,
New Zealand,Baa,1-Jul-65,
Australia,A,15-Jan-62,
Panama,A,30-Jun-58,
United States of America,Aaa,5-Feb-49,100